Date,Price,Open,High,Low,Vol.,Change %
1/18/2017,19.04,19.04,19.04,19.04,,0.00%
1/19/2017,19.04,19.04,19.04,19.04,,0.00%
1/20/2017,19.04,19.1,19.1,19.1,0.13K,0.00%
1/23/2017,19.04,19.04,19.04,19.04,,0.00%
1/24/2017,19.36,19.2,19.4,19.2,4.64K,1.68%
1/25/2017,19.2,19.2,19.2,19.2,2.60K,-0.83%
1/26/2017,19.2,19.2,19.2,19.1,2.60K,0.00%
1/27/2017,19.98,19.98,19.98,19.22,3.60K,4.06%
1/30/2017,19.98,19.98,20,19.98,0.11K,0.00%
1/31/2017,19.98,19.98,19.98,19.24,0.04K,0.00%
2/1/2017,19.22,19.98,19.98,19.22,1.01K,-3.80%
2/2/2017,20.24,20,20.6,20,22.41K,5.31%
2/3/2017,20.5,20.52,20.52,20.5,6.15K,1.28%
2/6/2017,20.4,20.4,20.6,20.4,10.91K,-0.49%
2/7/2017,20.58,20.58,20.58,20.5,11.01K,0.88%
2/8/2017,20.6,20.58,20.6,20.58,85.15K,0.10%
2/9/2017,20.72,20.5,20.8,20.5,206.87K,0.58%
2/13/2017,20.72,20.4,20.4,19.32,0.20K,0.00%
2/14/2017,19.5,19.4,19.5,19.3,6.32K,-5.89%
2/15/2017,19.16,19.4,19.4,19,10.25K,-1.74%
2/16/2017,19.16,19.16,19.16,19.16,,0.00%
2/17/2017,19.16,19.16,19.16,19.16,,0.00%
2/20/2017,21,20,21,20,1.68M,9.60%
2/21/2017,21,20.98,20.98,20.98,0.05K,0.00%
2/22/2017,21,21,21,21,,0.00%
2/23/2017,21,21,21,21,,0.00%
2/27/2017,21,20.9,20.9,19.7,0.11K,0.00%
2/28/2017,21,21,21,21,,0.00%
3/1/2017,21,19.2,20,19.2,0.16K,0.00%
3/2/2017,21,19.6,19.9,19.6,0.37K,0.00%
3/3/2017,20.6,20.6,20.6,20.6,0.50K,-1.90%
3/6/2017,21,20,21,20,202.50K,1.94%
3/7/2017,21,21,21,21,,0.00%
3/8/2017,20,20.96,20.96,20,16.51K,-4.76%
3/9/2017,20.02,20.02,20.02,20.02,275.00K,0.10%
3/10/2017,20.02,20.02,20.02,20.02,1.00K,0.00%
3/13/2017,20.02,20.4,20.4,20.4,0.08K,0.00%
3/14/2017,20.02,20.4,20.4,20.02,0.25K,0.00%
3/15/2017,20.02,20.02,20.02,20.02,23.90K,0.00%
3/16/2017,20.02,20.02,20.4,20.02,1.71K,0.00%
3/17/2017,21,20.4,21,20.4,139.03K,4.90%
3/20/2017,21,21,21,21,0.15K,0.00%
3/21/2017,21,21,21,21,0.26K,0.00%
3/22/2017,21,21,21,21,428.11K,0.00%
3/23/2017,21,20.8,20.8,20.6,0.13K,0.00%
3/24/2017,20.44,20.6,20.6,20.42,2.74K,-2.67%
3/27/2017,20.4,20.4,20.4,20.4,2.30K,-0.20%
3/28/2017,20.4,20.4,20.4,20.4,,0.00%
3/29/2017,20.4,20.4,20.4,20.4,,0.00%
3/30/2017,20.4,20.4,20.4,20.4,,0.00%
3/31/2017,20.4,20.98,20.98,20.98,0.03K,0.00%
4/3/2017,20.4,20.4,20.4,20.4,,0.00%
4/4/2017,20.4,20.8,20.8,20.8,0.03K,0.00%
4/5/2017,20.4,20.96,20.96,20.96,0.01K,0.00%
4/6/2017,20.7,20.7,21.18,20.7,1.52K,1.47%
4/7/2017,20.7,20.7,20.7,20.7,,0.00%
4/11/2017,20.6,21.18,21.18,20.6,1.51K,-0.48%
4/12/2017,21.16,21.18,21.18,21.16,1.85K,2.72%
4/17/2017,21.16,21.14,21.14,21.14,0.01K,0.00%
4/18/2017,21.16,21.16,21.16,21.16,,0.00%
4/19/2017,21.16,21.14,21.16,21.14,0.92K,0.00%
4/20/2017,21.16,21.24,21.26,21.24,0.45K,0.00%
4/21/2017,21.16,21,21,21,0.05K,0.00%
4/24/2017,21.16,21.1,21.1,21.1,0.01K,0.00%
4/25/2017,21.26,21,21.4,21,9.08K,0.47%
4/26/2017,21.26,21,21.3,21,0.21K,0.00%
4/27/2017,21,21,21.2,20,2.03K,-1.22%
4/28/2017,21,21.36,21.36,21.36,0.01K,0.00%
5/2/2017,21,21,21,21,350.00K,0.00%
5/3/2017,21,21,21,20.6,150.38K,0.00%
5/4/2017,21.4,21,21.4,21,180.65K,1.90%
5/5/2017,21.4,21.4,21.4,21.4,,0.00%
5/8/2017,21.36,21.4,21.4,20.62,7.53K,-0.19%
5/9/2017,21.36,21.36,21.36,21.36,,0.00%
5/12/2017,21.36,20.8,20.8,20.8,0.40K,0.00%
5/15/2017,21.4,21.4,21.4,21.4,1.00K,0.19%
5/16/2017,21,21,21,21,132.63K,-1.87%
5/17/2017,21,20.9,21.2,20.9,0.16K,0.00%
5/18/2017,21.16,21.2,21.2,21,2.62K,0.76%
5/19/2017,21.16,21.2,21.2,21.2,0.08K,0.00%
5/22/2017,21.16,21.08,21.08,21.08,0.01K,0.00%
5/23/2017,21.16,21.2,21.2,21.08,0.10K,0.00%
5/24/2017,21.16,21.08,21.08,21.08,0.48K,0.00%
5/25/2017,21.08,21.08,21.08,21.08,4.92K,-0.38%
5/26/2017,21.08,21.08,21.08,21.08,,0.00%
5/29/2017,21.08,21.08,21.08,21.08,,0.00%
5/30/2017,21.08,21.08,21.08,21.08,,0.00%
5/31/2017,21,21.1,21.1,21,11.50K,-0.38%
6/1/2017,21,21,21,21,,0.00%
6/2/2017,21,21,21,21,,0.00%
6/5/2017,21,21,21,21,0.01K,0.00%
6/6/2017,21.4,21.4,21.98,21.4,41.86K,1.90%
6/7/2017,21.4,21.4,21.4,21.4,,0.00%
6/9/2017,21.2,21.2,21.2,21.2,1.25K,-0.93%
6/12/2017,21,21,21,21,5.00K,-0.94%
6/13/2017,21,21.02,21.02,21.02,0.01K,0.00%
6/14/2017,21,21,21,21,,0.00%
6/15/2017,21.2,21.1,21.2,21.1,14.00K,0.95%
6/16/2017,21.2,21.2,21.2,21.2,,0.00%
6/19/2017,21.2,21.48,21.48,21,0.22K,0.00%
6/20/2017,21.2,21.2,21.2,21.2,,0.00%
6/21/2017,22,21.48,22,21.48,44.82K,3.77%
6/22/2017,22.38,22,22.4,22,7.88K,1.73%
6/23/2017,22.52,22.5,22.8,22.5,0.56K,0.63%
6/27/2017,21.2,21.2,21.2,21.2,0.50K,-5.86%
6/28/2017,21.86,21.8,21.9,21.8,2.63K,3.11%
6/29/2017,21.86,21.86,21.86,21.86,,0.00%
6/30/2017,21.86,21.86,21.86,21.86,,0.00%
7/3/2017,22.4,22.3,22.7,22.3,11.18K,2.47%
7/4/2017,22.4,22.24,22.24,22.24,0.10K,0.00%
7/5/2017,22.4,22.2,22.2,22.2,0.25K,0.00%
7/6/2017,22.4,22.4,22.4,22.4,,0.00%
7/7/2017,22.4,22.4,22.4,22.4,,0.00%
7/10/2017,22.8,22.78,22.8,22.78,3.23K,1.79%
7/11/2017,22.8,22.8,22.8,22.8,,0.00%
7/12/2017,22.8,22.8,22.8,22.8,,0.00%
7/13/2017,22.8,22.6,22.6,22.6,0.06K,0.00%
7/14/2017,22.6,22.6,22.6,22.6,0.91K,-0.88%
7/17/2017,22.6,22.6,22.6,22.6,,0.00%
7/18/2017,22.6,22.6,22.6,22.6,0.05K,0.00%
7/19/2017,22.6,22.4,22.4,22.4,0.20K,0.00%
7/20/2017,22.6,22.6,22.6,22.6,8.02K,0.00%
7/21/2017,22.6,22.6,22.6,22.6,,0.00%
7/24/2017,22.6,22.6,22.6,22.6,0.52K,0.00%
7/25/2017,22.54,22.6,22.6,22.5,59.81K,-0.27%
7/26/2017,23,23,23,23,0.75K,2.04%
7/27/2017,22.98,22.9,23,22.9,2.19K,-0.09%
7/28/2017,22.98,22.98,22.98,22.98,,0.00%
7/31/2017,23,23,23,23,586.91K,0.09%
8/1/2017,22.22,22.6,23,22,5.63K,-3.39%
8/2/2017,22.22,22.22,22.22,22.22,,0.00%
8/3/2017,22.22,22.22,22.22,22.22,,0.00%
8/4/2017,22.22,22.22,22.22,22.22,,0.00%
8/8/2017,24.18,22.96,24.28,22.96,64.74K,8.82%
8/9/2017,24.18,24.18,24.18,24.18,,0.00%
8/10/2017,24.18,24.18,24.18,24.18,,0.00%
8/11/2017,23.3,23.4,23.4,23,245.88K,-3.64%
8/14/2017,23.3,23.42,23.42,23.3,6.90K,0.00%
8/15/2017,23.3,23.3,23.3,23.3,2.61K,0.00%
8/16/2017,23.3,23.3,23.3,23.3,,0.00%
8/17/2017,22.24,22.26,22.26,22.24,1.86K,-4.55%
8/18/2017,22.24,22.26,22.26,22.26,0.38K,0.00%
8/21/2017,22.24,22.24,22.24,22.24,,0.00%
8/22/2017,22.24,22.24,22.24,22.24,,0.00%
8/23/2017,22.64,22.64,22.64,22.6,0.55K,1.80%
8/24/2017,22.64,22.64,22.64,22.64,,0.00%
8/25/2017,22.64,22.64,22.64,22.64,,0.00%
8/28/2017,22.64,22.64,22.64,22.64,,0.00%
8/29/2017,22.64,22.64,22.64,22.64,,0.00%
8/30/2017,22.64,22.64,22.64,22.64,,0.00%
8/31/2017,22.64,22.64,22.64,22.64,8.51K,0.00%
9/4/2017,22.64,22.64,22.64,22.64,0.51K,0.00%
9/6/2017,22.64,22.7,22.7,22.7,0.01K,0.00%
9/7/2017,22.64,22.7,22.7,22.7,0.05K,0.00%
9/8/2017,22.72,22.72,22.72,22.72,1.05K,0.35%
9/11/2017,22.74,22.74,22.74,22.74,1.41K,0.09%
9/12/2017,22.74,22.74,22.74,22.74,0.05K,0.00%
9/13/2017,22.74,22.74,22.74,22.74,,0.00%
9/14/2017,22.7,22.76,22.76,22.7,23.94K,-0.18%
9/15/2017,22.7,22.7,22.7,22.7,,0.00%
9/18/2017,22.7,22.7,22.7,22.2,23.83K,0.00%
9/19/2017,22.7,22.4,22.4,22.4,0.05K,0.00%
9/20/2017,22.7,22.7,22.7,22.7,,0.00%
9/21/2017,22.7,22.7,22.7,22.7,,0.00%
9/22/2017,22.4,22.4,22.48,22.4,1.03K,-1.32%
9/25/2017,22.4,22.4,22.4,22.4,18.02K,0.00%
9/26/2017,22.4,22.4,22.4,22.4,,0.00%
9/27/2017,22.4,21.5,22.4,21.5,0.50K,0.00%
9/28/2017,22.4,22.4,22.4,22.4,,0.00%
9/29/2017,22.38,22.38,22.38,22.38,1.00K,-0.09%
10/2/2017,22.38,22.38,22.38,22.38,23.50K,0.00%
10/3/2017,21.24,21.24,21.24,21.24,4.33K,-5.09%
10/4/2017,21.24,21.24,21.24,21.24,,0.00%
10/6/2017,22,22,22,22,1.00K,3.58%
10/9/2017,22,22,22,22,17.51K,0.00%
10/10/2017,22,22,22,22,,0.00%
10/11/2017,22,22,22,22,,0.00%
10/12/2017,22,22,22,22,25.00K,0.00%
10/13/2017,22.02,22.2,22.2,22,16.00K,0.09%
10/16/2017,22.02,22.02,22.02,21.28,11.80K,0.00%
10/17/2017,22.02,22.02,22.02,22.02,,0.00%
10/19/2017,22.02,22.02,22.02,22.02,,0.00%
10/20/2017,22.02,23.34,23.34,23.34,0.33K,0.00%
10/23/2017,22.02,23.32,23.32,23.32,0.03K,0.00%
10/24/2017,22.02,22.12,22.78,22.02,10.01K,0.00%
10/25/2017,22.02,22.74,22.74,22.74,0.03K,0.00%
10/26/2017,22.02,22,22,22,0.02K,0.00%
10/27/2017,21.8,22,22,21.8,0.55K,-1.00%
10/30/2017,21.8,21.8,21.8,21.8,8.51K,0.00%
10/31/2017,21.58,21.5,21.6,21.5,73.46K,-1.01%
11/1/2017,21.4,22,22,21.4,42.22K,-0.83%
11/2/2017,21.4,21.4,21.4,21.4,,0.00%
11/6/2017,21.4,21.4,21.4,21.4,,0.00%
11/7/2017,21.4,21.4,21.4,21.4,,0.00%
11/8/2017,21.26,21.4,21.4,21.2,54.23K,-0.65%
11/9/2017,21.26,21.26,21.26,21.26,,0.00%
11/10/2017,21.26,21.26,21.26,21.26,,0.00%
11/13/2017,21.26,21.26,21.26,21.26,,0.00%
11/14/2017,21.26,21.22,21.98,21.22,0.36K,0.00%
11/15/2017,21.26,21.26,21.26,21.26,,0.00%
11/16/2017,21.2,21.2,21.2,21.2,1.16K,-0.28%
11/17/2017,21.16,20.3,21.2,20.3,13.21K,-0.19%
11/20/2017,21.16,21.16,21.16,21.16,,0.00%
11/21/2017,21.16,21.16,21.16,21.16,,0.00%
11/22/2017,20.8,20.86,20.86,20.8,25.39K,-1.70%
11/23/2017,20.8,20.8,20.8,20.8,,0.00%
11/24/2017,20.8,20.82,20.82,20.82,0.17K,0.00%
11/27/2017,21.2,21.2,21.2,21.2,33.92K,1.92%
11/28/2017,21.2,21.2,21.2,21.2,,0.00%
11/29/2017,21,21,21.2,21,5.67K,-0.94%
11/30/2017,21,21,21,21,,0.00%
12/4/2017,21.16,21,21.2,21,2.36K,0.76%
12/5/2017,21.1,21.1,21.12,21.1,187.38K,-0.28%
12/6/2017,21.1,21.1,21.1,21.1,,0.00%
12/7/2017,21.1,21.1,21.1,21.1,,0.00%
12/8/2017,21.1,21.1,21.1,21.1,,0.00%
12/11/2017,21,21,21,21,0.50K,-0.47%
12/12/2017,20.7,20.7,20.7,20.7,25.01K,-1.43%
12/13/2017,21.2,20.62,21.2,20.4,134.44K,2.42%
12/14/2017,21.2,20.32,20.32,20.32,0.01K,0.00%
12/15/2017,21.2,21.2,21.2,21.2,,0.00%
12/18/2017,21.2,21.2,21.2,21.2,,0.00%
12/19/2017,21.4,21.4,21.4,21.4,3.02K,0.94%
12/20/2017,21.4,21.4,21.4,21.4,,0.00%
12/21/2017,23,22.98,23,22.98,1.00K,7.48%
12/22/2017,23,23,23,23,,0.00%
12/26/2017,23,23,23,23,,0.00%
12/27/2017,23,23,23,23,,0.00%
12/28/2017,23,22.4,22.4,22.4,0.03K,0.00%
12/29/2017,23,21,21,21,0.03K,0.00%
1/2/2018,21.2,21.2,21.2,21.2,176.13K,-7.83%
1/3/2018,21.6,21.6,21.6,21.6,9.83K,1.89%
1/4/2018,21.6,21.6,21.6,21.6,,0.00%
1/5/2018,22.22,22,22.76,22,4.12K,2.87%
1/8/2018,22.22,22.22,22.22,22.22,,0.00%
1/9/2018,22.22,22.22,22.22,22.22,,0.00%
1/10/2018,22.22,22.22,22.22,22.22,,0.00%
1/11/2018,22.22,22.22,22.22,22.22,,0.00%
1/12/2018,21.3,21.3,21.3,21.3,1.44K,-4.14%
1/16/2018,21.3,21.3,21.3,21.3,,0.00%
1/17/2018,21.3,21.3,21.3,21.3,,0.00%
1/18/2018,21.3,21.3,21.3,21.3,,0.00%
1/19/2018,21.3,21.3,21.3,21.3,,0.00%
1/22/2018,21.3,21.32,21.32,21.3,9.26K,0.00%
1/23/2018,21.3,21.3,21.3,21.3,,0.00%
1/24/2018,20.52,21.2,21.2,20.52,1.00K,-3.66%
1/25/2018,20.52,20.52,20.52,20.52,0.01K,0.00%
1/26/2018,20.52,20.52,20.52,20.52,,0.00%
1/29/2018,21.4,21.38,21.4,21.38,6.64K,4.29%
1/30/2018,21.4,21.4,21.4,21.4,,0.00%
2/1/2018,21.4,21.4,21.4,21.4,,0.00%
2/2/2018,20.8,20.8,20.8,20.8,7.51K,-2.80%
2/6/2018,20.8,20.8,20.8,20.8,,0.00%
2/7/2018,20.8,20.8,20.8,20.8,,0.00%
2/8/2018,20.8,21.4,21.4,21.4,0.05K,0.00%
2/9/2018,20.8,20.8,20.8,20.8,,0.00%
2/12/2018,21.4,21.4,21.4,21.4,0.50K,2.88%
2/14/2018,21.4,21.4,21.4,21.4,,0.00%
2/15/2018,21,21.02,21.04,20.44,9.50K,-1.87%
2/16/2018,21,21.2,21.2,21.2,0.29K,0.00%
2/19/2018,21,21,21,21,,0.00%
2/20/2018,20.64,20.64,20.64,20.64,81.09K,-1.71%
2/21/2018,20.72,21,21.2,20.7,25.10K,0.39%
2/22/2018,20.72,20.72,20.72,20.72,,0.00%
2/23/2018,20.72,20.72,20.72,20.72,,0.00%
2/26/2018,21,21,21,21,5.47K,1.35%
2/27/2018,21,21,21,21,,0.00%
2/28/2018,20.66,20.68,20.68,20.66,7.18K,-1.62%
3/2/2018,20.64,20.68,20.68,20.6,28.25K,-0.10%
3/5/2018,20.62,20.62,20.62,20.62,1.00K,-0.10%
3/6/2018,20.62,20.62,20.62,20.62,,0.00%
3/7/2018,20.64,20.64,20.64,20.64,0.50K,0.10%
3/8/2018,21.2,21.2,21.2,21.18,43.85K,2.71%
3/9/2018,21.24,21.22,21.26,21.22,0.71K,0.19%
3/12/2018,21.24,21.4,21.52,21.4,0.30K,0.00%
3/13/2018,21.4,21.4,21.4,21.4,0.77K,0.75%
3/14/2018,21.4,21.4,21.4,21.4,,0.00%
3/15/2018,21.5,22.2,22.2,21.4,1.02K,0.47%
3/16/2018,21.5,21,21,20.76,0.39K,0.00%
3/19/2018,20.6,20.6,20.6,20.54,0.57K,-4.19%
3/20/2018,20.6,20.5,20.5,20.5,0.10K,0.00%
3/21/2018,20.6,20.6,20.6,20.6,,0.00%
3/22/2018,20.6,20.5,20.5,20.5,0.25K,0.00%
3/23/2018,20.5,20.5,20.5,20.5,0.50K,-0.49%
3/26/2018,20.04,20.12,20.7,20,2.05K,-2.24%
3/27/2018,20,20,20,20,5.03K,-0.20%
3/28/2018,20,20,20,20,10.05K,0.00%
3/29/2018,19.94,20,20,19.9,8.15K,-0.30%
4/2/2018,19.94,19.94,19.94,19.94,,0.00%
4/3/2018,20,20,20,20,5.00K,0.30%
4/4/2018,20,20,20,20,,0.00%
4/5/2018,20,20,20,20,1.00K,0.00%
4/6/2018,20,19.92,20.1,19.92,0.16K,0.00%
4/9/2018,20,20.2,20.2,20.2,0.05K,0.00%
4/10/2018,20,20,20,20,,0.00%
4/11/2018,20.2,20.2,20.2,20.2,3.35K,1.00%
4/12/2018,21.2,21.2,21.2,21.2,552.66K,4.95%
4/16/2018,21.2,20.6,20.6,20.6,0.48K,0.00%
4/17/2018,21.2,21.2,21.2,21.2,,0.00%
4/18/2018,21.2,21,21,21,0.03K,0.00%
4/19/2018,20.24,20.24,20.24,20.22,0.89K,-4.53%
4/20/2018,20.24,20.24,20.24,20.24,,0.00%
4/23/2018,20.24,20.28,20.28,20.22,0.91K,0.00%
4/24/2018,21.2,20.38,21.2,20.26,8.22K,4.74%
4/25/2018,21.2,21.2,21.2,21.2,,0.00%
4/26/2018,21.2,21.2,21.2,21.2,0.01K,0.00%
4/27/2018,20.5,21.18,21.18,20.5,3.23K,-3.30%
5/1/2018,20.5,21.2,21.2,21.2,0.25K,0.00%
5/2/2018,20.5,21.3,21.3,21.3,0.05K,0.00%
5/3/2018,20.5,20.5,20.5,20.5,0.97K,0.00%
5/4/2018,20.54,20.54,21.28,20.52,10.05K,0.20%
5/8/2018,20.54,20.54,20.54,20.54,,0.00%
5/9/2018,20.54,20.54,20.54,20.54,,0.00%
5/10/2018,20.54,20.52,20.6,20.5,0.18K,0.00%
5/11/2018,20.54,20.54,20.54,20.54,,0.00%
5/14/2018,20.54,20.54,20.54,20.54,,0.00%
5/15/2018,20.4,20,20.4,20,7.32K,-0.68%
5/16/2018,20.4,20.4,20.4,20.4,,0.00%
5/17/2018,20.24,20.26,20.26,20.22,7.43K,-0.78%
5/18/2018,20.24,20.22,20.22,20.22,0.05K,0.00%
5/21/2018,20,20,20,20,10.40K,-1.19%
5/22/2018,20,20,20,20,0.10K,0.00%
5/23/2018,20,20,20,20,0.21K,0.00%
5/24/2018,20,20.98,20.98,20.98,0.01K,0.00%
5/25/2018,19.48,20,20,19.44,6.19K,-2.60%
5/28/2018,19.6,19.6,19.6,19.6,10.05K,0.62%
5/30/2018,19.42,19.44,19.6,19.4,16.13K,-0.92%
5/31/2018,19.02,19.3,19.3,19,1.44K,-2.06%
6/1/2018,19.02,19.02,19.02,19.02,,0.00%
6/4/2018,19.02,19.02,19.02,19.02,,0.00%
6/5/2018,19.02,19.02,19.02,19.02,,0.00%
6/6/2018,19.02,19.02,19.02,19.02,,0.00%
6/7/2018,19.02,19.6,19.6,19.6,0.01K,0.00%
6/8/2018,19.02,19.2,19.2,19,0.48K,0.00%
6/11/2018,19.02,19.6,19.6,19.6,0.02K,0.00%
6/12/2018,19.02,19.6,19.6,19.6,0.05K,0.00%
6/13/2018,19.02,19.02,19.02,19.02,,0.00%
6/14/2018,19.02,19.4,19.4,19.4,0.01K,0.00%
6/18/2018,19.02,19.4,19.4,19.4,0.03K,0.00%
6/19/2018,18.94,19.2,19.2,18.02,1.80K,-0.42%
6/20/2018,18.94,18.06,18.06,18.06,0.10K,0.00%
6/21/2018,18.94,19,19,19,0.03K,0.00%
6/22/2018,18.94,19,19,18.22,0.11K,0.00%
6/25/2018,18.94,19,19,18.2,0.03K,0.00%
6/26/2018,18.94,18.94,18.94,18.94,,0.00%
6/28/2018,18.02,18.2,18.98,18,2.51K,-4.86%
6/29/2018,18.5,18.5,18.6,18.5,0.50K,2.66%
7/2/2018,18.5,18.5,18.5,18.5,,0.00%
7/3/2018,18.5,18.04,18.04,18.04,0.13K,0.00%
7/4/2018,18.5,18.02,18.02,18.02,0.05K,0.00%
7/5/2018,18.5,18.5,18.5,18.5,,0.00%
7/6/2018,18.1,18.02,18.34,18.02,2.55K,-2.16%
7/9/2018,18.1,18.4,18.4,18.4,0.05K,0.00%
7/10/2018,18.1,18.1,18.1,18.1,,0.00%
7/11/2018,18.04,18.4,18.4,18.04,0.90K,-0.33%
7/12/2018,18.04,18.04,18.04,18.04,,0.00%
7/13/2018,18.5,18.5,18.5,18.5,7.55K,2.55%
7/16/2018,18.12,18.5,18.5,18.1,2.53K,-2.05%
7/17/2018,18.12,18.12,18.12,18.12,,0.00%
7/18/2018,18.12,18.12,18.12,18.12,,0.00%
7/19/2018,18.12,18.12,18.12,18.12,,0.00%
7/20/2018,18.58,18.12,18.6,18.12,7.06K,2.54%
7/23/2018,18.58,18.58,18.58,18.58,,0.00%
7/24/2018,18.58,18.58,18.58,18.58,,0.00%
7/25/2018,18.6,18.6,18.6,18.6,2.50K,0.11%
7/26/2018,18.6,18.6,18.6,18.6,,0.00%
7/30/2018,18.6,18.6,18.6,18.6,,0.00%
7/31/2018,18.22,18.22,19.4,18.2,6.55K,-2.04%
8/1/2018,18.22,18.22,18.22,18.22,,0.00%
8/2/2018,18.4,18.42,18.42,18.4,2.54K,0.99%
8/3/2018,18.4,18.4,18.4,18.4,0.15K,0.00%
8/6/2018,18.4,18.4,18.4,18.4,,0.00%
8/7/2018,18.4,19,19,19,0.03K,0.00%
8/8/2018,18.4,18.4,18.4,18.4,,0.00%
8/9/2018,18.4,19,19,19,0.05K,0.00%
8/10/2018,18.4,18.4,18.4,18.4,,0.00%
8/13/2018,18.32,18.6,18.6,18,1.04K,-0.43%
8/14/2018,18.32,18.32,18.32,18.32,,0.00%
8/15/2018,18.32,18.32,18.32,18.32,,0.00%
8/16/2018,18.32,18.06,18.06,18.04,0.05K,0.00%
8/17/2018,18,18.04,18.04,18,502.83K,-1.75%
8/20/2018,17.82,18.9,19.4,17.82,58.46K,-1.00%
8/21/2018,17.82,17.82,17.82,17.82,,0.00%
8/23/2018,17.82,17.82,17.82,17.82,,0.00%
8/24/2018,17.82,17.82,17.82,17.82,,0.00%
8/27/2018,17.82,17.82,17.82,17.82,,0.00%
8/28/2018,17.82,17.82,17.82,17.82,,0.00%
8/29/2018,17.82,19.34,19.34,19.2,0.21K,0.00%
8/30/2018,17.82,17.82,17.82,17.82,,0.00%
8/31/2018,17.82,17.82,17.82,17.82,,0.00%
9/3/2018,17.82,17.82,17.82,17.82,,0.00%
9/4/2018,17.82,17.82,17.82,17.82,,0.00%
9/5/2018,17.82,17.82,17.82,17.82,,0.00%
9/6/2018,17.82,17.82,17.82,17.82,0.18K,0.00%
9/7/2018,17.82,17.82,17.82,17.82,,0.00%
9/10/2018,17.82,17.82,17.82,17.82,,0.00%
9/11/2018,17.82,17.82,17.82,17.82,,0.00%
9/12/2018,17.82,17.82,17.82,17.82,,0.00%
9/13/2018,18.94,18.94,18.94,18.94,0.50K,6.29%
9/14/2018,18.94,18.94,18.94,18.94,,0.00%
9/17/2018,18.94,18.94,18.94,18.94,,0.00%
9/18/2018,18.94,19,19,19,0.01K,0.00%
9/19/2018,18,18.2,18.2,18,20.00K,-4.96%
9/20/2018,16.24,16.24,17.78,16,3.22K,-9.78%
9/21/2018,16.28,16.28,16.28,16.28,0.51K,0.25%
9/25/2018,16.28,16.28,16.28,16.28,,0.00%
9/26/2018,16.28,16.06,16.06,16.06,0.05K,0.00%
9/27/2018,16.28,16.28,16.28,16.28,,0.00%
9/28/2018,16.02,16.24,16.24,16,1.50K,-1.60%
10/1/2018,16,16,16,16,0.50K,-0.12%
10/2/2018,16,16.04,16.04,16.04,0.25K,0.00%
10/3/2018,16,16.04,16.04,16.04,0.05K,0.00%
10/4/2018,16,17.5,17.5,17.48,0.06K,0.00%
10/5/2018,16,16,16,16,,0.00%
10/8/2018,16,17.46,17.46,17.46,0.01K,0.00%
10/9/2018,16,16,16,16,,0.00%
10/10/2018,17.36,17.36,17.36,17.36,0.50K,8.50%
10/11/2018,17.36,17.36,17.36,17.36,,0.00%
10/12/2018,17.36,17.36,17.36,17.36,,0.00%
10/15/2018,17.36,16.02,17.34,16.02,0.38K,0.00%
10/16/2018,17.36,17.36,17.36,17.36,,0.00%
10/17/2018,15.08,15.02,15.58,15,5.83K,-13.13%
10/18/2018,15.56,15.58,15.58,15.5,9.06K,3.18%
10/19/2018,15.56,15.58,15.58,15.58,0.01K,0.00%
10/22/2018,15.02,15.24,15.4,15,24.26K,-3.47%
10/23/2018,15.02,15.02,15.02,15.02,,0.00%
10/25/2018,15.02,15.02,15.02,15.02,,0.00%
10/26/2018,15.2,15.02,15.2,14.9,37.77K,1.20%
10/29/2018,16.08,15.4,16.2,15.4,1.85K,5.79%
10/30/2018,16,16.3,16.3,16,6.52K,-0.50%
10/31/2018,15.4,15.4,15.4,15.4,0.50K,-3.75%
11/1/2018,16.3,15.98,16.3,15.98,15.88K,5.84%
11/2/2018,16.5,16.5,16.5,16.2,3.28K,1.23%
11/5/2018,16.5,16.5,16.5,16.5,,0.00%
11/7/2018,16.5,16.5,16.5,16.5,,0.00%
11/8/2018,16.5,16.5,17,16.5,0.05K,0.00%
11/9/2018,16.5,16.5,16.5,16.5,,0.00%
11/12/2018,15.84,15.8,16,15.8,1.61K,-4.00%
11/13/2018,15.6,15.62,15.62,15.6,1.44K,-1.52%
11/14/2018,15.6,15.6,15.6,15.6,3.57K,0.00%
11/15/2018,15.6,16.78,16.78,16.76,0.29K,0.00%
11/16/2018,15.6,15.8,15.8,15.8,0.22K,0.00%
11/19/2018,15.82,15.82,15.84,15.82,4.84K,1.41%
11/21/2018,15.82,16,16,15.8,2.08K,0.00%
11/23/2018,15.82,15.8,15.8,15.8,0.05K,0.00%
11/26/2018,15.82,15.6,15.6,15.6,0.45K,0.00%
11/27/2018,15.82,15.6,15.6,15.6,0.25K,0.00%
11/28/2018,15.82,15.82,15.82,15.82,,0.00%
11/29/2018,15.6,15.6,15.6,15.6,3.13K,-1.39%
11/30/2018,15.6,15.6,15.6,15.6,,0.00%
12/3/2018,15.6,15.6,15.6,15.6,,0.00%
12/4/2018,15.6,15.6,15.6,15.6,0.03K,0.00%
12/5/2018,15.6,15.6,15.6,15.6,0.55K,0.00%
12/6/2018,15.6,15.6,15.6,15.6,0.50K,0.00%
12/7/2018,15.6,15.6,15.6,15.6,0.05K,0.00%
12/10/2018,15,15,15,15,2.06K,-3.85%
12/11/2018,15,15.58,15.58,15.58,0.40K,0.00%
12/12/2018,15,15,15,15,,0.00%
12/13/2018,15,15,15,15,,0.00%
12/14/2018,15,15,15,15,,0.00%
12/17/2018,15,15,15,15,,0.00%
12/18/2018,15,15,15,15,,0.00%
12/19/2018,15,15.06,15.06,15,1.00K,0.00%
12/20/2018,15,15,15,15,,0.00%
12/21/2018,15,15,15,15,,0.00%
12/24/2018,15,15,15,15,0.38K,0.00%
12/26/2018,15,15,15,15,,0.00%
12/27/2018,15,15,15,15,,0.00%
12/28/2018,15,15,15,15,30.78K,0.00%
12/31/2018,14.62,14.6,14.62,14.6,0.51K,-2.53%
1/2/2019,14.66,15,15,14.66,2.15K,0.27%
1/3/2019,14.66,15.32,15.32,15.32,0.15K,0.00%
1/4/2019,14.66,14.66,14.66,14.66,,0.00%
1/7/2019,15.32,15.32,15.32,15.32,3.29K,4.50%
1/8/2019,14.62,14.64,14.64,14.62,3.21K,-4.57%
1/9/2019,15.4,15.4,15.4,15.4,0.58K,5.34%
1/10/2019,15.4,15.4,15.4,15.4,,0.00%
1/11/2019,15.4,15.4,15.4,15.4,,0.00%
1/14/2019,15.4,15.4,15.4,15.4,,0.00%
1/16/2019,15.4,15.4,15.4,15.4,,0.00%
1/17/2019,15.4,15.2,15.2,15.2,0.10K,0.00%
1/18/2019,15.4,15.4,15.4,15.4,,0.00%
1/21/2019,15.4,15.4,15.4,15.4,,0.00%
1/22/2019,15.4,15.4,15.4,15.4,,0.00%
1/23/2019,15.2,15.8,15.8,15.2,2.55K,-1.30%
1/24/2019,15,15.8,15.8,15,2.59K,-1.32%
1/25/2019,15,15.1,15.1,15.1,0.01K,0.00%
1/28/2019,15,15,15,15,,0.00%
1/29/2019,15,15,15,15,,0.00%
1/30/2019,15,15,15,15,0.07K,0.00%
1/31/2019,15,15.4,15.4,15.4,0.01K,0.00%
2/1/2019,14.94,15,15.38,14.8,2.59K,-0.40%
2/5/2019,14.94,15.4,15.4,15.38,0.20K,0.00%
2/6/2019,14.94,14.92,14.92,14.92,0.03K,0.00%
2/7/2019,14.94,14.94,14.94,14.94,,0.00%
2/8/2019,14.82,14.9,14.9,14.82,6.62K,-0.80%
2/11/2019,14.82,14.82,14.82,14.82,0.88K,0.00%
2/12/2019,14.82,14.82,14.82,14.82,,0.00%
2/13/2019,14.82,14.82,15.78,14.82,0.15K,0.00%
2/14/2019,14.82,14.82,14.82,14.82,,0.00%
2/15/2019,14.76,14.86,14.86,14.76,1.25K,-0.40%
2/18/2019,14.76,14.78,14.78,14.76,0.13K,0.00%
2/20/2019,14.76,14.78,14.78,14.78,0.08K,0.00%
2/21/2019,14.76,14.78,14.8,14.78,0.39K,0.00%
2/22/2019,14.6,14.76,14.8,14.46,5.95K,-1.08%
2/25/2019,14.6,14.4,14.4,14.4,0.02K,0.00%
2/26/2019,14.4,14.4,14.4,14.4,0.51K,-1.37%
2/27/2019,14.4,14.4,14.4,14.4,,0.00%
2/28/2019,14.4,14.4,14.4,14.4,,0.00%
3/1/2019,13.8,13.8,13.8,13.8,1.46K,-4.17%
3/5/2019,13.82,14,14,13.78,0.96K,0.14%
3/6/2019,13.7,13.76,13.76,13.6,3.61K,-0.87%
3/7/2019,13.52,13.58,13.58,13.5,1.71K,-1.31%
3/8/2019,13.52,13.52,13.52,13.52,,0.00%
3/11/2019,13.6,13.7,13.7,13.6,1.45K,0.59%
3/12/2019,13.5,13.58,13.58,13.38,0.92K,-0.74%
3/13/2019,13.5,13.78,13.78,13.76,0.18K,0.00%
3/14/2019,13.5,13.5,13.5,13.5,,0.00%
3/15/2019,13.46,13.52,13.6,13.38,4.25K,-0.30%
3/18/2019,13.46,13.46,13.46,13.46,,0.00%
3/19/2019,13.36,13.38,13.38,13.32,3.54K,-0.74%
3/21/2019,13.18,13.24,13.24,13.16,11.65K,-1.35%
3/22/2019,13.1,13.12,13.12,13.1,1.55K,-0.61%
3/25/2019,13,13,13,13,6.26K,-0.76%
3/26/2019,12.86,13,13,12.8,5.39K,-1.08%
3/27/2019,12.66,12.8,12.8,12.6,3.25K,-1.56%
3/28/2019,13.2,13.98,13.98,13.2,14.12K,4.27%
3/29/2019,14,13.94,14,13.94,6.25K,6.06%
4/1/2019,13.8,13.98,14,13.8,1.91K,-1.43%
4/2/2019,13.8,13.8,13.8,13.6,0.09K,0.00%
4/3/2019,13.8,13.8,13.8,13.8,,0.00%
4/4/2019,14,14,14,14,68.13K,1.45%
4/5/2019,14,14,14,14,,0.00%
4/8/2019,14,13.04,13.04,13,0.45K,0.00%
4/9/2019,14,13,13,13,0.01K,0.00%
4/10/2019,14,13.4,13.4,13.4,0.01K,0.00%
4/11/2019,14,13.6,13.6,13.6,0.10K,0.00%
4/12/2019,14,14,14,14,,0.00%
4/16/2019,14,14,14,14,,0.00%
4/17/2019,14,14,14,14,,0.00%
4/18/2019,14,14,14,14,,0.00%
4/23/2019,14,14,14,12.02,0.27K,0.00%
4/24/2019,14,14,14,14,,0.00%
4/25/2019,14,14,14,14,,0.00%
4/26/2019,14,14,14,14,,0.00%
4/29/2019,14,14,14,14,,0.00%
4/30/2019,14,13.92,13.92,13.4,0.16K,0.00%
5/2/2019,14,14,14,14,,0.00%
5/3/2019,14,14,14,14,,0.00%
5/6/2019,14,14,14,14,,0.00%
5/7/2019,14,14,14,14,,0.00%
5/8/2019,14,14,14,14,,0.00%
5/9/2019,14,14,14,14,,0.00%
5/10/2019,12.84,12.66,13,12.66,1.50K,-8.29%
5/13/2019,12.84,12.84,12.84,12.84,,0.00%
5/14/2019,12.84,12.84,12.84,12.84,,0.00%
5/15/2019,12.84,12.42,12.42,12.42,0.01K,0.00%
5/16/2019,12.84,12.42,13.78,12.42,0.45K,0.00%
5/17/2019,12.84,12.84,12.84,12.84,,0.00%
5/21/2019,12.84,12.84,12.84,12.84,,0.00%
5/22/2019,12.84,12.84,12.84,12.84,,0.00%
5/23/2019,13,13,13,13,5.50K,1.25%
5/24/2019,13,13.98,13.98,13.98,0.25K,0.00%
5/27/2019,13,13,13,13,,0.00%
5/28/2019,13,13,13,13,,0.00%
5/29/2019,13.04,13.06,13.06,13.02,0.65K,0.31%
5/30/2019,13.04,13.04,13.04,13.04,,0.00%
5/31/2019,13.04,13.8,13.8,13.8,0.01K,0.00%
6/3/2019,13.04,13.04,13.04,13.04,,0.00%
6/4/2019,13.04,13.04,13.04,13.04,,0.00%
6/6/2019,13.04,13.02,13.02,13,0.48K,0.00%
6/7/2019,13.04,13.04,13.04,13.04,,0.00%
6/10/2019,13.78,12.42,13.8,12.42,3.85K,5.67%
6/11/2019,13.78,13.8,13.8,13.8,0.14K,0.00%
6/12/2019,13.78,13.8,13.8,13.8,0.25K,0.00%
6/13/2019,13.78,13.22,13.22,13.22,0.13K,0.00%
6/14/2019,13.78,13.78,13.78,13.78,,0.00%
6/17/2019,13.78,15,15,15,0.01K,0.00%
6/18/2019,13.78,13.78,13.78,13.78,,0.00%
6/19/2019,15.8,15,15.8,15,1.06K,14.66%
6/20/2019,15.8,15.8,15.8,15.4,0.08K,0.00%
6/21/2019,15.8,15.5,15.5,15,0.49K,0.00%
6/24/2019,15.8,15,15,15,0.05K,0.00%
6/25/2019,15.8,14.16,14.8,14.14,0.28K,0.00%
6/26/2019,15.8,15,15,15,0.05K,0.00%
6/27/2019,15.8,15,15,15,0.01K,0.00%
6/28/2019,15.8,15,15,15,0.21K,0.00%
7/1/2019,15.12,15,15.96,15,1.09K,-4.30%
7/2/2019,15.04,15.94,15.94,15,1.06K,-0.53%
7/3/2019,15.04,15.04,15.04,15.04,,0.00%
7/4/2019,15.02,15.02,15.02,15.02,0.50K,-0.13%
7/5/2019,15.02,15,15,15,0.02K,0.00%
7/8/2019,15,15,15,15,0.52K,-0.13%
7/9/2019,15.1,15.2,15.6,15.1,16.86K,0.67%
7/10/2019,15.72,15,16.8,15,1.61K,4.11%
7/11/2019,15.72,16.58,16.58,16.58,0.02K,0.00%
7/12/2019,15.72,16.56,16.56,16.56,0.35K,0.00%
7/15/2019,15.72,16,16,16,0.01K,0.00%
7/17/2019,16.1,16,16.4,15.44,1.92K,2.42%
7/18/2019,15.94,16.54,16.56,15.6,0.63K,-0.99%
7/19/2019,16.24,15.7,16.6,15.7,28.41K,1.88%
7/22/2019,15.64,16.9,16.9,15.6,9.17K,-3.69%
7/23/2019,17.1,16.5,17.2,15.8,13.60K,9.34%
7/24/2019,17,17.3,18.78,17,250.67K,-0.58%
7/25/2019,17,18.5,18.5,18.5,0.01K,0.00%
7/26/2019,17,17,17,17,,0.00%
7/29/2019,17,17.94,17.96,17.94,0.21K,0.00%
7/30/2019,16.02,16.62,17,15.82,7.91K,-5.76%
7/31/2019,14.96,15.9,15.9,14,8.02M,-6.62%
8/1/2019,14.6,15.6,15.6,14.6,14.90K,-2.41%
8/2/2019,14.64,14.64,15,14.5,12.80K,0.27%
8/5/2019,14.86,15.08,15.08,14.8,215.01K,1.50%
8/6/2019,14.52,14.8,14.8,14.4,7.36K,-2.29%
8/7/2019,14.8,14.8,14.8,14.8,0.51K,1.93%
8/8/2019,14.38,14.38,14.38,14.38,1.01K,-2.84%
8/9/2019,14.16,14.38,14.38,13.8,172.25K,-1.53%
8/13/2019,14,14.2,14.2,14,60.45K,-1.13%
8/15/2019,13.98,14.02,14.02,13.82,1.00K,-0.14%
8/16/2019,13.98,13.98,13.98,13.98,,0.00%
8/19/2019,14.24,14.34,14.34,14.02,4.57K,1.86%
8/20/2019,14,14,14,14,0.55K,-1.69%
8/21/2019,13.88,13.98,14,13.8,10.80K,-0.86%
8/22/2019,13.64,13.64,13.64,13.64,1.50K,-1.73%
8/23/2019,13.64,13.98,13.98,13.62,0.28K,0.00%
8/26/2019,13.64,13.64,13.64,13.64,,0.00%
8/27/2019,13.62,13.64,13.64,13.52,12.13K,-0.15%
8/28/2019,13.64,13.6,13.96,13.6,0.72K,0.15%
8/29/2019,13.64,13.5,13.5,13.5,0.01K,0.00%
8/30/2019,13.64,13.96,13.96,13.96,0.25K,0.00%
9/2/2019,13.5,13.96,13.96,13.5,2.51K,-1.03%
9/3/2019,13.3,13.5,13.96,13.3,2.88K,-1.48%
9/4/2019,13.7,13.96,13.96,13.38,0.56K,3.01%
9/5/2019,13.7,13.7,13.7,13.7,,0.00%
9/6/2019,13.7,13.7,13.7,13.7,,0.00%
9/9/2019,13.7,13.7,13.7,13.7,,0.00%
9/10/2019,13.22,13.7,13.92,13.2,230.30K,-3.50%
9/11/2019,13.38,13.38,13.4,13.38,1.92K,1.21%
9/12/2019,13.4,13.4,13.4,13.4,8.00K,0.15%
9/16/2019,13.98,13.4,13.98,13.4,5.90K,4.33%
9/17/2019,13.82,14,14,13.42,0.90K,-1.14%
9/18/2019,13.82,13.82,13.82,13.82,,0.00%
9/19/2019,13.82,13.4,13.4,13.4,0.25K,0.00%
9/20/2019,13.82,13.4,13.4,13.4,0.01K,0.00%
9/23/2019,13.82,13.4,13.94,13.4,0.39K,0.00%
9/24/2019,13.4,13.42,13.42,13.4,1.61K,-3.04%
9/25/2019,13.92,13.92,13.92,13.92,150.00K,3.88%
9/26/2019,13.92,13.92,13.92,13.92,,0.00%
9/27/2019,13.92,13.92,13.92,13.92,,0.00%
9/30/2019,13.92,13.92,13.92,13.92,,0.00%
10/1/2019,13.4,13.4,13.4,13.4,0.50K,-3.74%
10/2/2019,13.32,13.76,13.76,13.3,1.30K,-0.60%
10/3/2019,13.2,13.3,13.3,13.2,10.48K,-0.90%
10/4/2019,13.72,13.6,13.72,13.6,57.88K,3.94%
10/7/2019,14,14,14,14,0.51K,2.04%
10/8/2019,13.8,13.34,13.8,13.34,3.81K,-1.43%
10/9/2019,13.78,13.8,13.8,13.78,7.51K,-0.14%
10/10/2019,13.68,13.8,13.8,13,228.12K,-0.73%
10/11/2019,13.8,13.8,13.8,13.8,2.50K,0.88%
10/14/2019,13.96,13.8,14.5,13.8,111.44K,1.16%
10/15/2019,13.96,14.6,14.6,14.6,0.01K,0.00%
10/16/2019,13.96,13.84,13.84,13.4,0.25K,0.00%
10/17/2019,13.96,13.98,13.98,13.98,0.01K,0.00%
10/18/2019,13.96,13.96,13.96,13.96,,0.00%
10/21/2019,13.46,13.96,13.96,13.4,2.12K,-3.58%
10/22/2019,13.54,13.5,13.98,13.5,0.55K,0.59%
10/23/2019,14,13.98,14.6,13.8,161.53K,3.40%
10/24/2019,14.2,14,14.4,14,49.77K,1.43%
10/25/2019,14.2,14.2,14.2,14.2,1.77K,0.00%
10/28/2019,14.2,14.2,14.2,14.2,,0.00%
10/29/2019,14.1,14.1,14.1,14.08,1.26K,-0.70%
10/30/2019,14,14.02,14.2,13.86,74.89K,-0.71%
10/31/2019,13.92,14.08,14.08,13.9,102.63K,-0.57%
11/1/2019,14.4,14,14.6,14,88.14K,3.45%
11/4/2019,14.54,14.6,14.6,14.4,7.50K,0.97%
11/5/2019,14.54,14.4,14.4,14.4,0.14K,0.00%
11/6/2019,14.2,14.6,14.6,14.2,8.99K,-2.34%
11/7/2019,14.02,14.3,14.3,14.02,2.00K,-1.27%
11/8/2019,14.02,14.3,14.3,14.3,0.10K,0.00%
11/13/2019,14.04,14.38,14.38,14,20.79K,0.14%
11/14/2019,14.02,14,14.4,14,5.16K,-0.14%
11/15/2019,14.42,14.3,14.6,14.3,39.11K,2.85%
11/18/2019,14.6,14.6,14.78,14.2,141.89K,1.25%
11/19/2019,14.78,14.6,15.2,14.6,472.89K,1.23%
11/20/2019,14.6,14.7,14.72,14.6,27.97K,-1.22%
11/21/2019,14.6,14.56,14.6,14.56,1.37K,0.00%
11/22/2019,14.6,15,15,15,0.01K,0.00%
11/25/2019,14.68,14.7,14.7,14.6,8.15K,0.55%
11/26/2019,14.7,14.6,14.7,14.6,256.44K,0.14%
11/27/2019,14.8,15,15.3,14.6,1.26M,0.68%
11/28/2019,14.84,14.9,15.22,14.8,5.20M,0.27%
11/29/2019,15.7,15,16.2,15,11.95M,5.80%
12/2/2019,15.98,16.2,16.5,15.82,1.61M,1.78%
12/3/2019,15.76,16,16.1,15.72,692.51K,-1.38%
12/4/2019,16.16,15.8,16.28,15.8,662.51K,2.54%
12/5/2019,16.02,16.3,16.6,16,8.89M,-0.87%
12/6/2019,15.8,16.2,16.2,15.8,167.40K,-1.37%
12/9/2019,15.58,15.96,15.98,15.5,285.56K,-1.39%
12/10/2019,15.4,15.42,15.6,15.28,228.65K,-1.16%
12/12/2019,15.36,15.46,15.68,15.3,53.64K,-0.26%
12/13/2019,15.16,15.28,15.28,15.02,355.04K,-1.30%
12/16/2019,15.36,16,16.4,15.3,575.99K,1.32%
12/17/2019,15.2,15.58,15.58,15.2,80.16K,-1.04%
12/18/2019,15.18,15.2,15.4,15.18,54.05K,-0.13%
12/19/2019,15.2,15.4,15.4,15.18,62.63K,0.13%
12/20/2019,15.3,15.3,15.4,15.3,46.02K,0.66%
12/23/2019,15.4,15.6,15.6,15.4,1.42K,0.65%
12/24/2019,15.66,15.6,15.8,15.58,0.73K,1.69%
12/26/2019,15.6,15.8,15.8,15.6,12.49K,-0.38%
12/27/2019,15.6,15.6,15.78,15.6,52.41K,0.00%
12/30/2019,15.42,15.62,15.78,15.4,54.80K,-1.15%
12/31/2019,15.34,15.4,15.76,15.3,102.82K,-0.52%
1/2/2020,15.32,15.62,15.62,15.24,24.31K,-0.13%
1/3/2020,15.28,15.2,15.74,15.2,70.38K,-0.26%
1/6/2020,15.04,15.36,15.36,15.04,62.33K,-1.57%
1/7/2020,14.8,15.06,15.06,14.6,84.80K,-1.60%
1/8/2020,13.98,14.64,14.7,13.72,154.28K,-5.54%
1/9/2020,15,15.38,15.4,15,10.00K,7.30%
1/13/2020,14.94,15.04,15.2,14.92,33.24K,-0.40%
1/14/2020,14.76,15.2,15.2,14.6,24.65K,-1.20%
1/16/2020,14.92,14.54,15,14.5,98.70K,1.08%
1/17/2020,15,15.2,15.2,14.62,13.75K,0.54%
1/20/2020,14.6,14.6,15,14.6,67.83K,-2.67%
1/21/2020,14.6,15,15,14.6,30.51K,0.00%
1/22/2020,14.8,14.8,14.8,14.6,88.06K,1.37%
1/23/2020,14.84,14.8,15.1,14.8,39.48K,0.27%
1/24/2020,15,15.06,15.4,15,100.11K,1.08%
1/27/2020,14.66,14.72,14.72,14.62,5.30K,-2.27%
1/28/2020,14.6,14.62,14.62,14.6,92.31K,-0.41%
1/29/2020,14.9,15,15,14.7,0.57K,2.05%
1/30/2020,14.9,14.9,14.9,14.9,,0.00%
1/31/2020,14.8,14.8,14.8,14.8,3.28K,-0.67%
2/3/2020,15,14.98,15,14.7,216.70K,1.35%
2/5/2020,14.82,15,15,14.82,19.30K,-1.20%
2/6/2020,15.56,15.3,15.6,15.06,447.55K,4.99%
2/7/2020,15.58,15.6,15.6,15.2,126.72K,0.13%
2/10/2020,15.38,15.6,15.7,15.36,1.41M,-1.28%
2/11/2020,15.02,15.22,15.48,15,24.43K,-2.34%
2/12/2020,15.28,15.4,15.48,15,13.84K,1.73%
2/13/2020,14.94,15.28,15.28,14.9,1.85K,-2.23%
2/14/2020,14.94,14.92,15,14.9,5.56K,0.00%
2/17/2020,14.9,15,15,14.9,13.70K,-0.27%
2/18/2020,14.8,14.9,14.9,14.78,22.19K,-0.67%
2/19/2020,14.76,14.8,14.8,14.72,5.20K,-0.27%
2/20/2020,14.82,14.8,14.88,14.72,12.09K,0.41%
2/24/2020,15.02,14.88,15.04,14.88,1.17M,1.35%
2/25/2020,15,15,15.2,15,911.71K,-0.13%
2/26/2020,14.6,15,15,14.6,533.93K,-2.67%
2/27/2020,14.94,14.86,14.94,14.7,63.31K,2.33%
2/28/2020,14.72,15,15,14.68,112.63K,-1.47%
3/2/2020,14.62,14.68,14.72,14.6,16.03K,-0.68%
3/3/2020,14.7,14.7,14.7,14.7,11.80K,0.55%
3/4/2020,14.4,14.72,14.72,14.4,382.39K,-2.04%
3/5/2020,13.82,14.4,14.4,13.8,28.80K,-4.03%
3/6/2020,13.68,13.6,13.8,13.6,72.72K,-1.01%
3/10/2020,12.36,13,13,11.98,244.34K,-9.65%
3/11/2020,12.62,12.58,12.78,12.02,94.84K,2.10%
3/12/2020,12,12,12.04,12,408.37K,-4.91%
3/13/2020,11.4,11.6,11.98,10.1,96.73K,-5.00%
3/20/2020,10.02,10.42,11,10,98.49K,-12.11%
5/11/2020,10.02,10.02,10.02,10.02,0.50K,0.00%
5/12/2020,10,10,10.4,10,28.17K,-0.20%
5/13/2020,12,10.8,12,10.8,60.84K,20.00%
5/14/2020,11.62,12,12,11,10.75K,-3.17%
5/15/2020,11.2,11.8,11.8,11,126.82K,-3.61%
5/18/2020,11.76,11.76,11.78,11.76,2.73K,5.00%
5/19/2020,12,12,12.4,11.98,117.28K,2.04%
5/20/2020,11.62,12.2,12.2,11.62,17.50K,-3.17%
5/21/2020,12.02,12,12.36,11.8,108.64K,3.44%
5/22/2020,12,12.4,12.8,12,20.38K,-0.17%
5/26/2020,12.04,13,13,12,28.04K,0.33%
5/27/2020,12.04,12.04,12.04,12.04,,0.00%
5/28/2020,12.02,12.8,12.8,11.98,38.17K,-0.17%
5/29/2020,11.98,12.2,12.2,11.98,10.00K,-0.33%
6/1/2020,11.98,12,12.18,11.98,48.34K,0.00%
6/2/2020,12,12,12,11.98,1.01K,0.17%
6/3/2020,12,12.4,12.4,12,42.08K,0.00%
6/4/2020,11.98,11.98,11.98,11.98,19.48K,-0.17%
6/8/2020,12,12,12.04,12,55.76K,0.17%
6/9/2020,12.06,12,12.54,12,46.44K,0.50%
6/10/2020,12.02,12.4,12.44,12,28.80K,-0.33%
6/11/2020,12.34,12.54,12.54,12.1,3.74K,2.66%
6/12/2020,12.16,12.22,12.3,12.06,8.65K,-1.46%
6/15/2020,12,12.22,12.4,12,30.76K,-1.32%
6/16/2020,11.84,12,12,11.8,5.55K,-1.33%
6/17/2020,11.96,11.98,12,11.94,29.33K,1.01%
6/18/2020,11.8,12,12,11.8,46.98K,-1.34%
6/19/2020,11.8,11.98,11.98,11.8,15.10K,0.00%
6/22/2020,12.44,11.84,12.7,11.8,172.94K,5.42%
6/23/2020,12.82,12.44,12.9,12.4,175.27K,3.05%
6/24/2020,13.06,12.94,13.3,12.8,30.02K,1.87%
6/25/2020,13.28,13.16,13.5,13.16,9.74K,1.68%
6/26/2020,13,13.28,13.28,13,24.31K,-2.11%
6/29/2020,13.42,13.24,13.56,13.24,49.68K,3.23%
6/30/2020,13.4,13.4,13.5,13.4,32.60K,-0.15%
7/1/2020,13.98,13.96,14.04,13.84,102.36K,4.33%
7/2/2020,13.8,14.04,14.04,13.6,1.01M,-1.29%
7/3/2020,13.58,14,14.1,13.58,222.03K,-1.59%
7/6/2020,13.7,13.44,13.8,13.4,53.45K,0.88%
7/7/2020,13.8,13.8,13.8,13.42,9.35K,0.73%
7/8/2020,13.6,13.9,13.9,13.5,5.32K,-1.45%
7/9/2020,13.7,13.7,13.76,13.7,7.72K,0.74%
7/10/2020,12.8,13.42,13.42,12.48,42.36K,-6.57%
7/13/2020,12.12,12.5,12.7,11.98,125.68K,-5.31%
7/14/2020,12.2,12.1,12.7,12.1,52.53K,0.66%
7/15/2020,12.2,12.2,12.6,12.2,6.90K,0.00%
7/16/2020,12.6,12.6,12.72,12.22,0.69K,3.28%
7/17/2020,12.8,12.6,12.8,12.6,13.00K,1.59%
7/20/2020,13.56,12.8,13.6,12.8,51.96K,5.94%
7/21/2020,13.48,13.6,13.6,13.48,3.50K,-0.59%
7/22/2020,13.4,13.4,13.4,13.36,10.00K,-0.59%
7/23/2020,13.6,13.4,13.6,13.36,134.77K,1.49%
7/24/2020,14,13.58,14.4,13.58,248.47K,2.94%
7/27/2020,14.56,14.38,14.6,14.38,55.39K,4.00%
7/28/2020,14.2,14.56,14.56,14.2,12.61K,-2.47%
7/29/2020,14.16,14.12,14.2,14.06,1.82K,-0.28%
7/30/2020,14.2,14.08,14.3,14,20.60K,0.28%
7/31/2020,14.3,14,14.3,13.62,99.37K,0.70%
8/4/2020,14.38,14.02,14.38,14,28.63K,0.56%
8/5/2020,14.4,14.4,14.56,14.1,30.55K,0.14%
8/6/2020,14.8,14.4,14.8,14.1,176.53K,2.78%
8/7/2020,14.7,15,15,14.36,162.91K,-0.68%
8/10/2020,14.4,14.5,14.5,14,99.22K,-2.04%
8/11/2020,14.5,14.42,14.76,14.4,56.16K,0.69%
8/12/2020,14.4,14.5,14.5,14.4,3.44K,-0.69%
8/13/2020,14.38,14.44,14.58,14.38,20.01K,-0.14%
8/14/2020,14.4,14.6,14.6,14.16,36.51K,0.14%
8/17/2020,14.2,14.4,14.4,14,33.99K,-1.39%
8/18/2020,14,14.2,14.2,13.8,24.22K,-1.41%
8/19/2020,14.1,13.96,14.1,13.6,104.27K,0.71%
8/20/2020,14.4,14,14.42,14,128.29K,2.13%
8/21/2020,14.86,14.42,14.86,14.4,36.27K,3.19%
8/24/2020,14.6,14.88,14.88,14.52,24.06K,-1.75%
8/25/2020,14.96,14.24,14.96,14.24,77.21K,2.47%
8/26/2020,14.8,14.6,14.8,14.6,7.16K,-1.07%
8/27/2020,14.5,14.2,14.6,14.2,109.34K,-2.03%
8/28/2020,14.8,14.56,14.8,14.56,33.55K,2.07%
8/31/2020,15.38,14.4,15.38,14.4,750.75K,3.92%
9/2/2020,15.6,15.42,15.78,15.4,210.96K,1.43%
9/3/2020,15.5,15.7,15.7,15.4,90.57K,-0.64%
9/4/2020,15.4,15.46,15.46,15.4,124.46K,-0.65%
9/7/2020,15.3,15.46,15.46,15,196.75K,-0.65%
9/8/2020,15.6,15.04,15.6,15.04,332.89K,1.96%
9/9/2020,16,15.6,16,15.6,610.99K,2.56%
9/10/2020,15.9,16,16,15.76,82.59K,-0.63%
9/11/2020,15.8,15.96,15.98,15.7,161.13K,-0.63%
9/14/2020,16.3,15.86,16.4,15.7,471.57K,3.16%
9/15/2020,16.6,16.26,16.6,16.02,243.64K,1.84%
9/16/2020,16.76,16.56,16.8,16.56,304.68K,0.96%
9/17/2020,16.7,16.76,16.78,16.52,355.02K,-0.36%
9/18/2020,16.96,16.5,16.96,16.5,128.69K,1.56%
9/21/2020,17.5,17,17.6,16.78,443.77K,3.18%
9/22/2020,19.4,17.6,19.56,17.6,790.79K,10.86%
9/23/2020,19.4,19.4,20,18.84,1.36M,0.00%
9/24/2020,19.04,19.6,19.6,19,565.59K,-1.86%
9/25/2020,19.4,19.36,19.4,18.8,155.62K,1.89%
9/28/2020,19,18.8,19.4,18.8,66.35K,-2.06%
9/29/2020,18.7,19.04,19.04,18.6,89.13K,-1.58%
9/30/2020,18.76,18.7,18.8,18.6,55.05K,0.32%
10/2/2020,18.9,18.98,18.98,18.44,105.14K,0.75%
10/5/2020,16.26,18,18,16,196.33K,-13.97%
10/6/2020,16.2,16.06,17.2,15.58,217.81K,-0.37%
10/7/2020,16.58,16.02,16.7,16.02,47.16K,2.35%
10/8/2020,17.3,17,17.4,16.66,153.46K,4.34%
10/9/2020,17.36,17.4,17.4,17.1,66.42K,0.35%
10/12/2020,17.6,17.36,17.92,17.24,29.79K,1.38%
10/13/2020,16.8,17.96,17.96,16.8,68.05K,-4.55%
10/14/2020,18.4,17,19.3,17,228.18K,9.52%
10/15/2020,19,18.38,19.5,18.38,396.46K,3.26%
10/16/2020,19.6,19.3,20.38,18.9,897.18K,3.16%
10/19/2020,19.5,19.6,20.12,19.36,107.14K,-0.51%
10/20/2020,19.06,19.4,19.4,18.6,148.69K,-2.26%
10/21/2020,17.26,19.36,19.36,17.2,95.73K,-9.44%
10/22/2020,18,16.7,19,16.42,185.27K,4.29%
10/23/2020,18.02,18.8,18.96,18,24.94K,0.11%
10/26/2020,17.4,17.8,17.8,16.92,148.73K,-3.44%
10/27/2020,16.92,17.3,17.3,16.92,106.60K,-2.76%
10/28/2020,16.8,16.82,17.3,16.8,49.09K,-0.71%
10/29/2020,17.4,16.84,17.4,16.84,19.42K,3.57%
11/2/2020,17.38,16.84,17.4,16.84,44.22K,-0.11%
11/3/2020,18,17.38,18.78,17.36,89.07K,3.57%
11/4/2020,18.4,18.4,18.9,18.3,142.21K,2.22%
11/5/2020,19.5,18.8,19.6,18.7,631.27K,5.98%
11/6/2020,24.3,20.02,24.3,20.02,2.76M,24.62%
11/9/2020,23.1,25.4,25.4,22.4,1.90M,-4.94%
11/10/2020,21.6,23.4,23.48,21,618.42K,-6.49%
11/11/2020,22.9,23,23.6,22.22,1.04M,6.02%
11/12/2020,23.06,23,23.5,23,311.36K,0.70%
11/13/2020,22.8,23.04,23.1,22.8,100.47K,-1.13%
11/16/2020,22.8,22.9,22.9,22.08,96.97K,0.00%
11/17/2020,23.3,22.4,23.36,22.4,694.84K,2.19%
11/18/2020,23.18,23.4,23.4,23,326.24K,-0.52%
11/19/2020,22.54,22.9,22.9,22.2,286.38K,-2.76%
11/20/2020,22.08,22.54,22.54,21.22,230.49K,-2.04%
11/23/2020,21.98,22,22,21.6,50.48K,-0.45%
11/24/2020,22.32,21.6,22.6,21.6,194.57K,1.55%
11/25/2020,22.76,22.8,22.8,22.24,113.55K,1.97%
11/26/2020,22.6,22.78,23,22.6,27.19K,-0.70%
11/27/2020,22.8,22.6,22.94,22.6,188.28K,0.88%
11/30/2020,22.84,22.8,23.12,22.64,89.76K,0.18%
12/1/2020,23,23.08,23.16,23,210.41K,0.70%
12/2/2020,22.98,23.04,23.14,22.7,403.64K,-0.09%
12/3/2020,22.9,22.88,23,22.44,64.93K,-0.35%
12/4/2020,22.8,22.8,23,22.8,228.04K,-0.44%
12/7/2020,23.6,22.8,23.7,22,474.81K,3.51%
12/8/2020,25,23,25,23,1.63M,5.93%
12/9/2020,24.9,25.2,25.6,24.2,570.14K,-0.40%
12/10/2020,24.8,25.18,25.18,24.62,98.82K,-0.40%
12/11/2020,24.8,24.6,25.08,23.02,153.57K,0.00%
12/14/2020,25,24.84,25.2,24.84,553.92K,0.81%
12/15/2020,24.8,24.8,25.2,24.8,227.06K,-0.80%
12/16/2020,25,24.6,25.08,24.6,93.71K,0.81%
12/17/2020,25,25,25.32,24.96,1.77M,0.00%
12/18/2020,25.06,25.28,25.28,24.8,464.78K,0.24%
12/21/2020,25.8,25.08,26.18,25.02,2.97M,2.95%
12/22/2020,25.98,26,26.18,25.8,2.25M,0.70%
12/23/2020,27.2,26,27.4,26,2.99M,4.70%
12/24/2020,27.78,27.26,27.9,27.26,1.21M,2.13%
12/28/2020,27.9,27.98,28,27.3,363.51K,0.43%
12/30/2020,28.02,28,28.5,28,697.72K,0.43%
12/31/2020,29,28.2,29,28,647.06K,3.50%
1/4/2021,31.98,29,32,29,3.58M,10.28%
1/5/2021,32.4,32.4,33.2,32.2,1.13M,1.31%
1/6/2021,34,32.98,34,32.4,1.99M,4.94%
1/7/2021,35.4,34,35.6,34,1.55M,4.12%
1/8/2021,34.85,35.6,35.6,34,515.64K,-1.55%
1/11/2021,37.3,35.5,37.3,35,3.89M,7.03%
1/12/2021,37.6,37.4,38,37.3,792.54K,0.80%
1/13/2021,36.8,37.8,38,36.4,877.80K,-2.13%
1/15/2021,37.6,37.85,37.95,37,747.53K,2.17%
1/18/2021,39.8,37.6,40,36.6,2.25M,5.85%
1/19/2021,37.45,39.85,39.95,37.25,434.93K,-5.90%
1/20/2021,37.4,37.45,38,36.9,369.83K,-0.13%
1/21/2021,46.55,39.6,46.55,39.6,5.67M,24.47%
1/22/2021,49.6,48,51,48,2.81M,6.55%
1/25/2021,52,50,53.8,48.35,1.45M,4.84%
1/26/2021,58,53.05,58,50.4,1.67M,11.54%
1/27/2021,62.4,59,68.4,57,2.59M,7.59%
1/29/2021,59,67.6,67.6,55,1.84M,-5.45%
2/1/2021,56,58.2,59,54.2,563.40K,-5.08%
2/2/2021,47.95,57.5,57.5,42,1.14M,-14.37%
2/3/2021,47,50,52,39,1.76M,-1.98%
2/5/2021,51,49,51.8,48,2.09M,8.51%
2/8/2021,47.2,53,54,47,1.16M,-7.45%
2/9/2021,45.4,49,49,43,335.11K,-3.81%
2/10/2021,40,45,45,38.8,397.10K,-11.89%
2/11/2021,37.85,40.25,41.8,30.05,1.20M,-5.38%
2/12/2021,47.35,40,50,40,2.59M,25.10%
2/15/2021,49,50,53.6,48.6,4.61M,3.48%
2/16/2021,47.15,50,50,45.4,651.62K,-3.78%
2/17/2021,47.2,47,48,43.4,459.32K,0.11%
2/18/2021,47,47.2,48,46.4,294.56K,-0.42%
2/19/2021,47,47.6,47.6,46.55,476.66K,0.00%
2/22/2021,45.6,47.2,47.2,44.1,498.10K,-2.98%
2/23/2021,39.75,43.8,43.8,38.3,693.52K,-12.83%
2/24/2021,39.4,39.05,40.95,36,322.36K,-0.88%
2/25/2021,41.1,41.2,42,38.4,294.33K,4.31%
3/1/2021,40.65,41.4,42,40,214.99K,-1.09%
3/2/2021,39,41,41,39,168.23K,-4.06%
3/3/2021,37.6,39,39,35.05,241.63K,-3.59%
3/4/2021,35,37,38.55,34,500.30K,-6.91%
3/5/2021,35,35,36.55,34,371.67K,0.00%
3/8/2021,38.4,36.6,38.6,35.4,1.55M,9.71%
3/9/2021,37,39,41,37,529.39K,-3.65%
3/10/2021,37.4,39.75,39.75,37,57.83K,1.08%
3/12/2021,37.85,38,38,37.55,38.23K,1.20%
3/15/2021,37.35,37.7,39.05,37.2,37.89K,-1.32%
3/16/2021,36.45,37.35,37.35,35.5,70.08K,-2.41%
3/17/2021,36,36.25,37.4,35.6,32.81K,-1.23%
3/18/2021,33.8,36.55,36.55,33,590.33K,-6.11%
3/19/2021,33.05,33.8,34.6,32.6,147.90K,-2.22%
3/22/2021,34.4,34.4,35.75,33.4,76.54K,4.08%
3/23/2021,35.4,35.6,35.75,34.35,54.41K,2.91%
3/24/2021,38.55,35.05,38.6,34.4,155.53K,8.90%
3/25/2021,36.65,37.4,39,36.6,141.60K,-4.93%
3/26/2021,37.6,37.35,38,36,59.52K,2.59%
4/1/2021,41.8,41.4,41.9,38,313.27K,11.17%
4/5/2021,44,42,44.4,42,238.07K,5.26%
4/6/2021,47.3,44,47.5,43.2,616.00K,7.50%
4/7/2021,46,47.3,49.7,45,933.52K,-2.75%
4/8/2021,47.5,46.3,47.9,45,942.44K,3.26%
4/9/2021,47.1,48,48.9,47.1,800.67K,-0.84%
4/12/2021,49.9,48,50.4,47.9,1.63M,5.94%
4/15/2021,51.6,50.9,52,50.2,838.00K,3.41%
4/16/2021,52,51.9,52,48.9,1.05M,0.78%
4/19/2021,52.4,52.1,53.1,51,1.10M,0.77%
4/20/2021,48.5,52.1,52.3,47.5,930.05K,-7.44%
4/21/2021,50,48,50.5,47.1,318.11K,3.09%
4/22/2021,47.9,50.1,50.1,47.5,490.88K,-4.20%
4/23/2021,46,47.5,48,45.6,266.18K,-3.97%
4/27/2021,42.7,45,45.4,42.7,644.51K,-7.17%
4/28/2021,45.9,42,46.5,42,908.74K,7.49%
4/29/2021,45.6,46,47,44.7,325.60K,-0.65%
4/30/2021,45,45.5,46.4,45,249.67K,-1.32%
5/3/2021,45,46.5,46.5,44.3,131.38K,0.00%
5/4/2021,43.5,45,45,43.5,70.92K,-3.33%
5/5/2021,45.4,44.3,45.4,44.1,60.41K,4.37%
5/6/2021,46.8,45.1,46.9,45.1,235.92K,3.08%
5/7/2021,49,46.9,49.5,46.9,735.18K,4.70%
5/10/2021,47.5,48,48.5,46.5,276.02K,-3.06%
5/11/2021,47.7,48,48.3,46.8,142.61K,0.42%
5/12/2021,48.2,48,49.2,47.5,367.43K,1.05%
5/13/2021,48.3,49,49,47.8,46.85K,0.21%
5/17/2021,51,48.9,51.3,48.9,1.18M,5.59%
5/18/2021,51,50.5,51.5,49.7,288.94K,0.00%
5/19/2021,50.6,51,51.5,50.3,231.76K,-0.78%
5/20/2021,49.5,50.7,50.7,49.4,197.20K,-2.17%
5/21/2021,48.8,50,50,46.5,637.60K,-1.41%
5/24/2021,50.1,49.4,50.4,47.8,588.82K,2.66%
5/25/2021,50,51.5,51.5,49.6,191.54K,-0.20%
5/28/2021,53,51.5,53,49.8,2.36M,6.00%
5/31/2021,54.8,53.6,55.6,53.6,2.25M,3.40%
6/1/2021,53.7,55.4,55.4,53.2,531.48K,-2.01%
6/2/2021,54.3,53.6,54.6,53.6,296.32K,1.12%
6/3/2021,55.4,54.5,56.5,54.3,843.45K,2.03%
6/4/2021,55.3,55.5,55.8,54.8,542.58K,-0.18%
6/7/2021,54.8,55.2,55.2,54.4,315.08K,-0.90%
6/8/2021,52.7,53.5,53.5,52.2,426.37K,-3.83%
6/9/2021,53.6,52.5,53.9,52.5,269.33K,1.71%
6/10/2021,54.8,53.7,54.8,53.7,259.28K,2.24%
6/11/2021,54,54.9,54.9,53.8,531.93K,-1.46%
6/14/2021,53.5,53.9,53.9,52,558.47K,-0.93%
6/15/2021,53,53,53.9,52.5,103.59K,-0.93%
6/16/2021,52.5,53,53,52.2,294.25K,-0.94%
6/17/2021,53,52.5,53.5,52.1,297.35K,0.95%
6/18/2021,52.7,53.5,54,52.2,631.83K,-0.57%
6/21/2021,52,53.3,53.9,51.8,185.69K,-1.33%
6/22/2021,50.5,52,52.5,50.1,240.63K,-2.88%
6/23/2021,51.2,50.9,52,49.9,622.84K,1.39%
6/25/2021,51.8,52.2,52.3,51.3,280.62K,1.17%
6/28/2021,51.7,52,52,51.6,201.83K,-0.19%
6/29/2021,50.2,51.7,51.7,50,358.79K,-2.90%
6/30/2021,50,50,50.4,49,298.23K,-0.40%
7/1/2021,50.6,50,51.3,50,116.63K,1.20%
7/2/2021,52.1,50,52.4,49.5,131.77K,2.96%
7/5/2021,52.4,51,52.9,51,174.73K,0.58%
7/6/2021,51.8,52.5,52.5,51.2,196.75K,-1.15%
7/7/2021,52.5,51.7,52.5,51.7,81.95K,1.35%
7/8/2021,52.5,52.6,52.8,52,131.59K,0.00%
7/9/2021,52.5,52.8,52.8,52.4,479.04K,0.00%
7/12/2021,53.4,52.5,53.8,52.5,371.76K,1.71%
7/13/2021,54.5,53.6,54.7,53.6,498.09K,2.06%
7/14/2021,54.2,54.4,54.7,54.1,308.38K,-0.55%
7/15/2021,54.1,54.5,54.5,54,431.30K,-0.18%
7/16/2021,53.8,54.3,54.6,53.7,60.76K,-0.55%
7/19/2021,54.4,53.9,54.4,53.5,692.73K,1.12%
7/20/2021,55.2,54.3,55.6,54.2,1.29M,1.47%
7/22/2021,55.5,56,56,55.1,772.53K,0.54%
7/26/2021,56,56,56.9,55.4,617.96K,0.90%
7/27/2021,55.8,56.3,56.3,55.3,319.64K,-0.36%
7/28/2021,56.1,56,56.4,55.3,927.03K,0.54%
7/29/2021,56.8,56.1,56.8,56.1,352.17K,1.25%
7/30/2021,57.5,56.9,58,56.3,956.42K,1.23%
8/2/2021,61.4,58,61.5,57.7,2.92M,6.78%
8/3/2021,63.7,62,64.1,62,1.45M,3.75%
8/4/2021,61.4,63.7,64.2,61,837.60K,-3.61%
8/5/2021,58.9,61.5,61.6,58,1.22M,-4.07%
8/6/2021,59.5,58,59.9,56.9,633.10K,1.02%
8/9/2021,60.9,60,61,58.1,433.67K,2.35%
8/10/2021,62.6,62,64.2,61.5,2.80M,2.79%
8/11/2021,62.3,62.5,63.8,61.5,339.60K,-0.48%
8/12/2021,60.4,62,62,58,986.44K,-3.05%
8/13/2021,59.5,59.3,61,58.4,397.69K,-1.49%
8/16/2021,59.9,60,60.2,58.7,177.87K,0.67%
8/17/2021,60.9,59,61.1,58.8,548.30K,1.67%
8/18/2021,62.6,61,62.6,61,798.01K,2.79%
8/19/2021,61.3,62.4,63,59.3,506.62K,-2.08%
8/20/2021,61.5,60.6,62,60.6,584.44K,0.33%
8/23/2021,69.7,63.2,74.9,63.2,2.56M,13.33%
8/24/2021,70.9,70,74.3,70,1.36M,1.72%
8/25/2021,69,70.1,71.4,67,1.01M,-2.68%
8/26/2021,67,69,69.8,67,425.05K,-2.90%
8/27/2021,68,66.1,69.4,66.1,777.63K,1.49%
8/30/2021,67.3,68,68.5,67.1,260.47K,-1.03%
8/31/2021,68.5,67.1,68.6,66.9,484.52K,1.78%
9/1/2021,73.5,69,73.5,68,1.84M,7.30%
9/2/2021,72,75.2,78,71.8,1.47M,-2.04%
9/3/2021,71.8,72,72.9,71,525.65K,-0.28%
9/6/2021,69.8,71.5,72,68.5,400.98K,-2.79%
9/7/2021,69,69.8,69.8,67.9,569.72K,-1.15%
9/8/2021,67,69,69,64,883.87K,-2.90%
9/9/2021,67,65,68,65,323.11K,0.00%
9/10/2021,66,68.5,68.5,65.6,446.53K,-1.49%
9/13/2021,65.2,66,67.4,64,301.47K,-1.21%
9/14/2021,67,65,67.9,65,100.17K,2.76%
9/15/2021,67.8,67.3,68,67,461.51K,1.19%
9/16/2021,66,68,68.4,66,276.41K,-2.65%
9/17/2021,66.9,67,67,66,90.99K,1.36%
9/21/2021,65,66,67,64.5,210.04K,-2.84%
9/22/2021,65.7,64.6,67,64.6,70.68K,1.08%
9/23/2021,67,66.9,67,65.5,205.16K,1.98%
9/24/2021,68,66.2,68,66,259.64K,1.49%
9/27/2021,69.5,69.6,69.8,68.4,501.30K,2.21%
9/28/2021,69.8,69.5,70.9,68.8,645.63K,0.43%
9/29/2021,70.5,69.5,71.5,69.5,549.67K,1.00%
9/30/2021,69.5,70.5,71,69,200.14K,-1.42%
10/1/2021,69.1,69.6,70,69,75.17K,-0.58%
10/4/2021,72.1,69.6,73,67.2,1.55M,4.34%
10/5/2021,73,72.5,73.8,71.6,993.56K,1.25%
10/6/2021,72.1,73.5,75,72,634.91K,-1.23%
10/7/2021,72.5,72.1,73.3,72,157.65K,0.55%
10/8/2021,72,71.9,72.5,71.8,778.07K,-0.69%
10/11/2021,73.4,73,74.8,72,138.60K,1.94%
10/12/2021,72.8,73.5,73.5,72,176.38K,-0.82%
10/13/2021,70,72.8,72.8,70,160.71K,-3.85%
10/14/2021,72,71.2,72.8,71,205.88K,2.86%
10/15/2021,74.5,72.8,74.7,72,601.28K,3.47%
10/18/2021,76.7,76.7,77.2,76.1,796.75K,2.95%
10/21/2021,81.9,76.5,82.5,76.5,1.11M,6.78%
10/22/2021,83.5,82,84.4,81.7,852.97K,1.95%
10/25/2021,86.5,84,86.5,83.4,863.82K,3.59%
10/26/2021,86.2,87,87.9,85.4,657.49K,-0.35%
10/27/2021,87.8,86.2,88.5,85,418.38K,1.86%
10/28/2021,86.2,88.8,88.8,85.9,68.38K,-1.82%
10/29/2021,89,86.7,89,84.5,485.64K,3.25%
11/1/2021,88,90,90.8,87.3,237.03K,-1.12%
11/2/2021,86.3,87.5,87.5,85,131.14K,-1.93%
11/3/2021,85.2,88,88,84.5,180.10K,-1.27%
11/5/2021,83.9,85.1,85.1,82.2,177.49K,-1.53%
11/8/2021,84.5,84.9,85.3,83.5,356.38K,0.72%
11/9/2021,83.8,85.5,85.5,83.1,318.39K,-0.83%
11/10/2021,82.5,82.9,82.9,80,94.06K,-1.55%
11/11/2021,80.4,81.9,85,80,187.59K,-2.55%
11/12/2021,80.1,80,81,79.8,722.90K,-0.37%
11/15/2021,77.5,78,79.5,75,366.70K,-3.25%
11/16/2021,75.3,78,78,74,465.46K,-2.84%
11/17/2021,82.8,75.4,83,75.3,706.80K,9.96%
11/19/2021,83.3,82.9,86.2,82.9,457.01K,0.60%
11/22/2021,84,85,85.5,84,200.24K,0.84%
11/23/2021,86.1,84.5,86.2,83,1.25M,2.50%
11/24/2021,87.3,86.6,88,85.6,704.59K,1.39%
11/25/2021,92,88,94,87,904.33K,5.38%
11/26/2021,105.5,93,105.5,93,1.83M,14.67%
11/29/2021,102,107.5,109.25,100,1.12M,-3.32%
11/30/2021,102.5,103,104.75,100,483.97K,0.49%
12/1/2021,104,102.5,108.75,101,829.66K,1.46%
12/2/2021,104,104.75,105,102,123.20K,0.00%
12/3/2021,105,105,106,102,208.26K,0.96%
12/6/2021,106.5,105.5,107.5,103,143.24K,1.43%
12/7/2021,109.25,107.75,111.75,107,363.96K,2.58%
12/8/2021,108,110,112.5,108,150.52K,-1.14%
12/9/2021,108.75,111,111,108,231.69K,0.69%
12/10/2021,111,109,112.5,107.75,324.50K,2.07%
12/13/2021,109.25,111,112.5,109,242.55K,-1.58%
12/14/2021,110,112,115,110,362.12K,0.69%
12/15/2021,113,115,115,112,72.80K,2.73%
12/16/2021,111,113.5,113.5,109.75,150.38K,-1.77%
12/17/2021,110,111,112,109,167.15K,-0.90%
12/20/2021,107.75,110,113,106.5,167.77K,-2.05%
12/21/2021,106.5,107.5,108,104,416.67K,-1.16%
12/22/2021,107,106.5,108,106,186.25K,0.47%
12/23/2021,107.25,107,108.5,106.25,65.91K,0.23%
12/24/2021,110,107.25,111.25,107.25,41.73K,2.56%
12/27/2021,110,111.25,111.25,108.5,140.53K,0.00%
12/28/2021,108,111,111,108,221.53K,-1.82%
12/29/2021,108,109,109,107,158.01K,0.00%
12/30/2021,109,108,110,107.25,68.38K,0.93%
12/31/2021,110.25,108.75,111,108.5,305.25K,1.15%
1/3/2022,113,111.25,115.5,110.5,422.30K,2.49%
1/4/2022,112,113.75,114.75,112,135.09K,-0.88%
1/5/2022,113,112.5,114.5,112.5,241.33K,0.89%
1/6/2022,118,113.75,118,112,291.96K,4.42%
1/7/2022,121.5,118,126,117,884.87K,2.97%
1/10/2022,121.75,124,124,118,348.75K,0.21%
1/11/2022,117.5,117.25,118.5,114.75,316.29K,-3.49%
1/12/2022,117.5,116.25,120,116.25,89.57K,0.00%
1/13/2022,116,118,118,116,165.67K,-1.28%
1/18/2022,124.75,116.75,126,114.75,805.39K,7.54%
1/19/2022,124.75,125,125,120.5,219.20K,0.00%
1/20/2022,123,125,127.5,121,148.46K,-1.40%
1/21/2022,120.5,123,123.75,120.5,126.86K,-2.03%
1/24/2022,121.5,122,123,120,64.04K,0.83%
1/25/2022,118,122,122,117,364.87K,-2.88%
1/26/2022,117,118,118.5,114.25,307.85K,-0.85%
1/27/2022,118,120,121,115.25,248.08K,0.85%
1/28/2022,119.5,118,121,115.5,160.79K,1.27%
1/31/2022,118,119.75,119.75,117.5,26.37K,-1.26%
2/1/2022,118.75,118.5,119.5,116,49.36K,0.64%
2/2/2022,112.75,118,118,110,247.77K,-5.05%
2/3/2022,115,112.75,116.75,108,348.11K,2.00%
2/7/2022,112,115.25,117.5,112,23.61K,-2.61%
2/8/2022,111,114.75,114.75,107.25,158.79K,-0.89%
2/9/2022,108,110,114,108,440.18K,-2.70%
2/10/2022,111.5,109,111.75,104,314.54K,3.24%
2/11/2022,113.75,112.75,113.75,111,316.05K,2.02%
2/14/2022,116.25,113.75,118,112,96.99K,2.20%
2/15/2022,112,116,116,111,38.39K,-3.66%
2/17/2022,108,110.25,112,107.5,160.80K,-3.57%
2/18/2022,106,109.5,109.5,105.5,213.36K,-1.85%
2/21/2022,100.5,106,106,93,354.26K,-5.19%
2/22/2022,98.6,98.6,103.75,98,70.01K,-1.89%
2/23/2022,94,98.7,98.7,89,365.55K,-4.67%
2/24/2022,89,90.2,97.5,89,92.48K,-5.32%
2/25/2022,96,89.6,96,88.1,171.86K,7.87%
2/28/2022,103,96,106.5,94,117.36K,7.29%
3/2/2022,103,107,107,98,97.16K,0.00%
3/3/2022,96,100.25,104.5,96,104.00K,-6.80%
3/4/2022,98,96,99.8,95,47.15K,2.08%
3/7/2022,93.6,100,100,92.6,37.79K,-4.49%
3/8/2022,87,95,95,85,139.04K,-7.05%
3/9/2022,83.2,89.9,90,82.2,73.03K,-4.37%
3/10/2022,90,83.4,92,75,107.30K,8.17%
3/11/2022,85,93,93,85,51.69K,-5.56%
3/14/2022,84.1,89.9,89.9,84.1,22.56K,-1.06%
3/15/2022,77,84.1,84.1,74.5,95.08K,-8.44%
3/16/2022,76,76.1,78.9,71.9,213.63K,-1.30%
3/18/2022,74,76.8,76.8,72,206.51K,-2.63%
3/21/2022,78.5,77.6,81,75,430.75K,6.08%
3/22/2022,80,79.9,83.2,79,325.93K,1.91%
3/23/2022,79,83,83,78,55.77K,-1.25%
3/24/2022,80,82.7,82.7,76.6,90.91K,1.27%
3/25/2022,80,81.4,82,79.9,264.38K,0.00%
3/28/2022,75,80,80,74.2,73.94K,-6.25%
3/29/2022,71,74.5,74.8,68,141.99K,-5.33%
3/30/2022,68,67.6,69,55.6,114.70K,-4.23%
3/31/2022,57.1,63.8,66.9,57.1,63.64K,-16.03%
4/1/2022,46,50.1,50.1,46,28.43K,-19.44%
4/4/2022,46,43,50,42,242.24K,0.00%
4/5/2022,50.6,50,52,46,137.74K,10.00%
4/6/2022,50,51.8,54,49,47.68K,-1.19%
4/7/2022,47,50,50,46.4,23.08K,-6.00%
4/8/2022,47.1,46.8,50,45,92.11K,0.21%
4/25/2022,42,43,43,42,54.87K,-10.83%
4/26/2022,33,36.9,36.9,33,153.66K,-21.43%
4/27/2022,40,33,40,33,162.53K,21.21%
4/28/2022,44.5,42.5,44.5,36,135.00K,11.25%
4/29/2022,43.5,45,45,42.5,69.33K,-2.25%
5/4/2022,42.8,42.5,43,40,38.58K,-1.61%
5/5/2022,40.5,41,42,39.2,11.15K,-5.37%
5/6/2022,40,40.5,40.5,36,39.84K,-1.23%
5/9/2022,40,39.9,44.5,39.5,171.25K,0.00%
5/12/2022,47.9,42,51,42,289.86K,19.75%
5/13/2022,51.3,49.9,51.8,49.8,88.09K,7.10%
5/17/2022,53.9,52,55,52,114.51K,5.07%
5/18/2022,50.9,54.5,57,50.3,171.09K,-5.57%
5/19/2022,50,52.9,52.9,48.5,76.76K,-1.77%
5/20/2022,48.6,48.6,50,48.6,37.99K,-2.80%
5/23/2022,49.6,51,52,48.5,119.57K,2.06%
5/24/2022,47.6,49.4,49.9,47,58.92K,-4.03%
5/25/2022,46.5,48,48,45,30.22K,-2.31%
5/26/2022,46,45.1,46.4,44.7,58.09K,-1.08%
5/27/2022,44,46,46,43.1,44.55K,-4.35%
5/30/2022,43.5,46,46,42.5,45.75K,-1.14%
5/31/2022,45,44,47,43,77.38K,3.45%
6/1/2022,44.6,47.9,47.9,44.5,176.34K,-0.89%
6/2/2022,44.6,45,46.5,44.5,13.87K,0.00%
6/3/2022,44,46,46,43,37.12K,-1.35%
6/6/2022,43,43.2,45,43,201.94K,-2.27%
6/7/2022,39,41.9,42.2,37.2,77.97K,-9.30%
6/8/2022,39.5,41.9,41.9,39,14.03K,1.28%
6/9/2022,41.2,41.9,42.5,39.5,65.92K,4.30%
6/10/2022,43,42.7,43,41.1,105.92K,4.37%
6/13/2022,43.9,43.9,44.4,41.7,253.48K,2.09%
6/15/2022,43.6,43.9,43.9,41.5,267.54K,-0.68%
6/16/2022,42.5,43,44,41.5,15.49K,-2.52%
6/17/2022,41.2,41.5,41.5,40,43.73K,-3.06%
6/20/2022,41.8,42,42,39.5,20.36K,1.46%
6/21/2022,40,41.9,41.9,40,24.32K,-4.31%
6/22/2022,41.4,41.9,41.9,40,61.37K,3.50%
6/23/2022,42,41.1,42.1,40,47.53K,1.45%
6/24/2022,43.9,42,44,42,45.47K,4.52%
6/27/2022,42.3,45,46,42,1.78M,-3.64%
6/28/2022,40.2,42.2,43.9,40,123.40K,-4.96%
6/29/2022,40.9,41.9,41.9,40.4,3.06K,1.74%
6/30/2022,40.6,41.5,41.5,38.5,34.45K,-0.73%
7/1/2022,40.9,40.9,40.9,39.9,49.43K,0.74%
7/4/2022,39.5,41,42.3,39.5,9.51K,-3.42%
7/5/2022,38,41,41,37.5,40.16K,-3.80%
7/6/2022,36.7,38,40,36.7,47.50K,-3.42%
7/7/2022,36.8,39.9,39.9,36.8,7.71K,0.27%
7/8/2022,36.9,39,39,36.8,27.99K,0.27%
7/11/2022,40,39,40,38,36.99K,8.40%
7/12/2022,39.5,40,40.1,39.5,25.59K,-1.25%
7/14/2022,38.7,39.5,39.5,38.7,6.16K,-2.03%
7/15/2022,40,39.9,40,39.5,20.59K,3.36%
7/18/2022,38.5,40.2,41.5,38.2,18.22K,-3.75%
7/19/2022,40,41,41,40,11.40K,3.90%
7/20/2022,41.1,41,43,40,14.65K,2.75%
7/21/2022,41.8,43,43,41.5,6.42K,1.70%
7/22/2022,41.5,41.8,42.9,41.5,5.85K,-0.72%
7/25/2022,41.6,42.5,42.5,40.2,10.88K,0.24%
7/26/2022,40,41.9,41.9,40,3.26K,-3.85%
7/27/2022,40.1,40,40.9,39.5,24.50K,0.25%
7/28/2022,39.9,40.4,40.5,39.3,6.34K,-0.50%
7/29/2022,38,40.5,40.5,37.6,49.46K,-4.76%
8/1/2022,37.5,38,39.9,36.7,63.83K,-1.32%
8/2/2022,40,38,40.2,38,177.28K,6.67%
8/3/2022,44,40.9,44.7,40.9,189.28K,10.00%
8/4/2022,47.6,44.7,51,44.1,346.18K,8.18%
8/5/2022,45.9,49,49,45.2,126.40K,-3.57%
8/8/2022,44.9,45.9,46,44.4,177.44K,-2.18%
8/9/2022,44.9,45,46.1,44.5,156.28K,0.00%
8/10/2022,48,45.1,49,45,261.74K,6.90%
8/12/2022,53.9,50,54.5,48.1,231.40K,12.29%
8/15/2022,57.9,59,63.5,55,894.32K,7.42%
8/16/2022,57,59.5,60,55.6,481.09K,-1.55%
8/17/2022,56,56.7,57,52.8,279.64K,-1.75%
8/18/2022,53.5,54.8,55,51.5,125.54K,-4.46%
8/19/2022,51.1,54,54.9,51.1,116.99K,-4.49%
8/22/2022,52.5,53.4,53.4,51.6,140.67K,2.74%
8/23/2022,51,52.5,53.4,51,101.98K,-2.86%
8/24/2022,51.2,52,52,49.1,100.58K,0.39%
8/25/2022,50,52,52,50,286.96K,-2.34%
8/26/2022,48.8,50,51.4,47.1,286.37K,-2.40%
8/29/2022,50.4,52,52,47.1,73.70K,3.28%
8/30/2022,50.7,48.7,51.9,48.6,84.57K,0.60%
8/31/2022,51,51,53,51,45.43K,0.59%
9/1/2022,52,52.8,52.8,51.5,15.65K,1.96%
9/2/2022,51.5,52.9,52.9,51.5,60.33K,-0.96%
9/5/2022,50.7,52.5,52.5,50,87.28K,-1.55%
9/6/2022,50.5,50,51.5,49.5,16.74K,-0.39%
9/7/2022,51.8,50,52,49.6,39.18K,2.57%
9/8/2022,54,50.8,55.5,50.8,169.98K,4.25%
9/9/2022,57.3,55,57.5,53,496.32K,6.11%
9/12/2022,60,59.9,62.9,59.6,543.66K,4.71%
9/13/2022,59.4,60,60,57,321.75K,-1.00%
9/14/2022,57,59.6,60,54,255.67K,-4.04%
9/15/2022,56,58,58.7,55,45.85K,-1.75%
9/16/2022,59.5,55,60,54.3,876.74K,6.25%
9/19/2022,58,60,61,56,102.29K,-2.52%
9/20/2022,57.5,57.5,57.8,56.2,54.71K,-0.86%
9/21/2022,60.1,57.7,60.7,56.1,393.21K,4.52%
9/22/2022,61.4,60.5,63.4,60,452.78K,2.16%
9/23/2022,61.9,63,63.2,61.5,188.22K,0.81%
9/26/2022,62.4,63,63.2,61,634.15K,0.81%
9/27/2022,62.8,62.5,63,60,131.89K,0.64%
9/28/2022,67.2,62.8,68.5,62.3,1.38M,7.01%
9/29/2022,69.9,68.1,71.5,65,1.47M,4.02%
9/30/2022,68.8,69.9,72,67.1,598.15K,-1.57%
10/3/2022,63,68.5,68.5,63,178.23K,-8.43%
10/4/2022,64.2,63,65,58.6,228.72K,1.90%
10/5/2022,61,64,65.5,60,281.00K,-4.98%
10/6/2022,59.9,62,62,57.6,44.51K,-1.80%
10/7/2022,58.7,57.6,59.8,56,48.37K,-2.00%
10/11/2022,54.1,58.6,59,54,81.38K,-7.84%
10/12/2022,60,54,60.5,51.5,240.15K,10.91%
10/13/2022,60.1,59.5,61.5,59,69.70K,0.17%
10/14/2022,61,62,62,55,887.07K,1.50%
10/17/2022,58.6,62,62,58.6,67.26K,-3.93%
10/18/2022,59,59,60,57.2,63.08K,0.68%
10/19/2022,58.7,58.8,60.9,58,65.13K,-0.51%
10/20/2022,55.3,59,59.9,55,325.81K,-5.79%
10/21/2022,55.6,55.5,57.5,55,52.83K,0.54%
10/25/2022,54,53.1,58.9,53.1,33.04K,-2.88%
10/26/2022,54,54,56.8,53.8,94.17K,0.00%
10/27/2022,55,55,57,54.5,18.74K,1.85%
10/28/2022,54,56.9,56.9,54,14.01K,-1.82%
10/31/2022,53.5,54.2,55.9,51.6,20.78K,-0.93%
11/1/2022,52.1,53.5,54,52,9.85K,-2.62%
11/2/2022,51,52.2,54.9,51,13.55K,-2.11%
11/3/2022,51.7,52.1,53.5,51.6,9.54K,1.37%
11/4/2022,52,52.1,54.5,52,41.81K,0.58%
11/8/2022,48.1,53.8,53.8,47,59.43K,-7.50%
11/9/2022,48.9,48.2,50.8,48.1,25.93K,1.66%
11/10/2022,48,48.9,48.9,48,71.39K,-1.84%
11/11/2022,48.9,48.5,50.6,47,200.40K,1.88%
11/14/2022,46.4,48,50,45,405.29K,-5.11%
11/15/2022,47.8,46.5,49,45,248.61K,3.02%
11/16/2022,46.5,47.8,47.8,44,141.62K,-2.72%
11/17/2022,44.8,46.8,47,44.8,148.47K,-3.66%
11/18/2022,41.1,44.5,45,41.1,323.36K,-8.26%
11/21/2022,41.6,43.5,45,40.2,49.11K,1.22%
11/22/2022,44.9,43,44.9,42.7,55.28K,7.93%
11/23/2022,45,45,46.9,44.9,67.09K,0.22%
11/24/2022,46,45.9,46.5,44,19.63K,2.22%
11/25/2022,46,46.5,46.5,43,90.48K,0.00%
11/28/2022,47,46,47,44.3,58.86K,2.17%
11/29/2022,46.5,47.1,47.9,45.1,23.88K,-1.06%
11/30/2022,47.7,47.5,48,45.1,71.20K,2.58%
12/1/2022,48.1,45.1,49,45.1,25.16K,0.84%
12/2/2022,47,47,48.5,46.1,18.80K,-2.29%
12/5/2022,48,47,49.8,47,45.87K,2.13%
12/6/2022,47.9,48,48.4,47.1,61.24K,-0.21%
12/8/2022,47.5,47.9,48.5,47,608.17K,-0.84%
12/9/2022,47,47,47.5,45,87.76K,-1.05%
12/12/2022,45.4,47.5,48.5,45.4,115.88K,-3.40%
12/13/2022,46,46,47,45,73.77K,1.32%
12/14/2022,46.3,45.1,46.8,45.1,7.07K,0.65%
12/15/2022,46,45.1,46,45.1,29.11K,-0.65%
12/16/2022,45.5,45.8,46,45.5,10.43K,-1.09%
12/19/2022,46.2,46,46.8,45.2,287.01K,1.54%
12/20/2022,45.5,45.5,46.8,45,56.00K,-1.52%
12/21/2022,46,45,46.8,44.6,39.51K,1.10%
12/22/2022,46,46.7,46.7,45,114.12K,0.00%
12/23/2022,45.9,45.1,46,44.5,26.17K,-0.22%
12/27/2022,45.5,46,46.8,45.5,44.89K,-0.87%
12/28/2022,44,46.7,47.9,43,20.78K,-3.30%
12/29/2022,45,44.5,46.8,44,16.81K,2.27%
12/30/2022,46.4,46.7,46.7,45,25.52K,3.11%
1/2/2023,46,46.7,46.7,46,25.76K,-0.86%
1/3/2023,45,45.8,45.8,45,5.06K,-2.17%
1/4/2023,45.2,45,45.2,44,11.31K,0.44%
1/5/2023,45.3,45,45.5,45,3.37K,0.22%
1/9/2023,45.2,46,46.6,44.9,72.24K,-0.22%
1/10/2023,44.4,45.8,45.8,44,532.00K,-1.77%
1/11/2023,44.5,44,44.9,44,74.10K,0.23%
1/12/2023,43.9,44.6,44.6,43.7,114.72K,-1.35%
1/13/2023,43.7,43.5,44.5,43.4,83.63K,-0.46%
1/17/2023,44.2,43.7,44.9,43.7,54.07K,1.14%
1/18/2023,44,45,45,44,78.66K,-0.45%
1/19/2023,45,44.5,46,43.8,301.64K,2.27%
1/20/2023,44.7,45.9,46,44.3,206.43K,-0.67%
1/23/2023,47.5,44.7,47.8,44.7,352.40K,6.26%
1/24/2023,45.5,47.6,47.6,45,83.92K,-4.21%
1/25/2023,47,45.5,47,45.3,215.81K,3.30%
1/26/2023,47,47,47.5,46.5,65.89K,0.00%
1/27/2023,46.9,47,47,44.5,12.43K,-0.21%
1/30/2023,44.7,44.5,45,43.7,163.74K,-4.69%
1/31/2023,44.9,46,46,43.6,30.80K,0.45%
2/1/2023,45,44.9,45.5,43.1,1.03M,0.22%
2/2/2023,43.8,45.7,45.7,43.8,12.25K,-2.67%
2/3/2023,44.9,44,44.9,44,11.39K,2.51%
2/6/2023,43.9,44,45,43.9,21.40K,-2.23%
2/7/2023,43.7,44,45,43.5,69.70K,-0.46%
2/8/2023,43.5,43.7,44.8,43.5,42.14K,-0.46%
2/9/2023,44.5,43.5,44.5,43.5,20.21K,2.30%
2/10/2023,43.6,43.5,45,43.5,16.93K,-2.02%
2/13/2023,43,43.5,43.9,42.7,20.38K,-1.38%
2/14/2023,41,43,43,40,25.75K,-4.65%
2/15/2023,41.3,41,42.5,41,25.02K,0.73%
2/16/2023,42.5,43,43,41.2,7.09K,2.91%
2/17/2023,41.2,42.7,42.7,41.2,24.35K,-3.06%
2/20/2023,42,42.6,43,41,67.77K,1.94%
2/21/2023,42,42,42,41.9,69.22K,0.00%
2/22/2023,42.5,42.9,43.9,42.1,25.39K,1.19%
2/23/2023,43.9,42.9,44.4,42.1,119.13K,3.29%
2/24/2023,44.5,44.4,44.8,43.6,19.61K,1.37%
2/27/2023,43.6,44.8,44.8,43,113.56K,-2.02%
2/28/2023,43,43.6,43.6,43,64.46K,-1.38%
3/1/2023,43.3,43.6,43.6,43.1,131.49K,0.70%
3/2/2023,43.3,44,44,43.3,73.32K,0.00%
3/3/2023,43.5,44.5,44.5,43,81.62K,0.46%
3/7/2023,45,44,46,44,128.47K,3.45%
3/8/2023,45.5,45.2,47,45,296.42K,1.11%
3/9/2023,53.3,51,53.5,50.9,2.02M,17.14%
3/10/2023,53.3,54,54.5,52.7,546.84K,0.00%
3/13/2023,53.7,53.5,54,53.2,226.82K,0.75%
3/14/2023,54.4,54,54.8,53.6,336.15K,1.30%
3/15/2023,54.4,54.6,54.9,54.2,529.35K,0.00%
3/16/2023,54.1,54.5,54.5,53.9,947.44K,-0.55%
3/17/2023,47.8,52,52,46.8,824.83K,-11.65%
3/20/2023,46.2,47.2,47.2,46.1,117.61K,-3.35%
3/21/2023,45.2,47,47,44.9,132.90K,-2.16%
3/22/2023,44.7,45.2,46.4,44.7,53.70K,-1.11%
3/23/2023,44,46.1,46.1,43.5,67.27K,-1.57%
3/24/2023,44.1,43.6,45.5,43.6,72.23K,0.23%
3/27/2023,43.8,45.3,45.4,43.8,64.12K,-0.68%
3/28/2023,43.9,44,45,43,73.87K,0.23%
3/29/2023,43.8,44.3,44.6,43.6,62.26K,-0.23%
3/30/2023,43.5,44.8,44.8,43,32.67K,-0.68%
3/31/2023,43.5,43.6,44,42.7,34.04K,0.00%
4/3/2023,43.9,43.5,43.9,43,41.40K,0.92%
4/4/2023,44.2,44,44.4,43.2,50.18K,0.68%
4/6/2023,44.7,44.3,44.7,44.1,32.92K,1.13%
4/10/2023,47,45,47.7,44,34.20K,5.15%
4/11/2023,47,47.5,47.9,46.3,164.71K,0.00%
4/12/2023,47,47.8,47.8,46.5,14.64K,0.00%
4/17/2023,46.7,47.5,47.5,45.8,27.01K,-0.64%
4/18/2023,46.2,47,47,46.1,33.57K,-1.07%
4/19/2023,45.1,46.4,46.4,44.9,37.75K,-2.38%
4/20/2023,44.6,44.9,46,44.5,37.59K,-1.11%
4/21/2023,45,45,45.1,44,55.06K,0.90%
4/24/2023,44.8,45,47,44,24.47K,-0.44%
4/25/2023,43.8,45.9,45.9,43.8,110.05K,-2.23%
4/26/2023,43.8,43.8,45.8,43.8,102.70K,0.00%
4/27/2023,43.8,43.7,43.9,42.5,68.84K,0.00%
4/28/2023,43.2,44.3,44.3,42.5,19.31K,-1.37%
5/2/2023,41.9,44,44,41.9,117.25K,-3.01%
5/3/2023,42.5,42.5,42.8,42,66.15K,1.43%
5/4/2023,42.2,42.5,42.5,42.1,23.71K,-0.71%
5/8/2023,42.5,42.5,42.5,42.1,138.95K,0.71%
5/9/2023,42.1,42.5,42.5,42,82.70K,-0.94%
5/10/2023,42.2,42.1,42.5,41.9,48.17K,0.24%
5/11/2023,42,42.1,42.6,42,50.18K,-0.47%
5/12/2023,41.9,42,42.1,41,95.65K,-0.24%
5/15/2023,42,41.9,42,41.5,1.48K,0.24%
5/16/2023,41.3,41.5,41.8,41,26.83K,-1.67%
5/17/2023,42.2,42.2,42.3,41.2,76.18K,2.18%
5/18/2023,42.4,42.7,42.7,41.4,8.85K,0.47%
5/19/2023,42.1,42.5,42.5,42.1,43.88K,-0.71%
5/22/2023,41.2,42.1,42.1,40.9,64.74K,-2.14%
5/23/2023,41,42,42,41,27.63K,-0.49%
5/24/2023,42,41.8,42.2,41,26.87K,2.44%
5/25/2023,40.1,41.8,42,40,124.11K,-4.52%
5/26/2023,39.9,40.5,40.5,39.5,57.36K,-0.50%
5/29/2023,39.7,40,40,39.2,90.22K,-0.50%
5/30/2023,39.5,40,40,39.4,48.81K,-0.50%
5/31/2023,39.5,40,40,39.5,199.22K,0.00%
6/1/2023,41.5,40,42,40,65.82K,5.06%
6/2/2023,41.8,42,42,40.5,11.64K,0.72%
6/5/2023,41.7,42,42,41.6,7.52K,-0.24%
6/6/2023,41.4,41.9,42,41.4,12.47K,-0.72%
6/7/2023,41.9,41.5,41.9,41,15.19K,1.21%
6/8/2023,41.6,42,42,41,12.55K,-0.72%
6/9/2023,41.5,41.6,41.9,41.1,5.32K,-0.24%
6/12/2023,43,41.5,43.4,41.5,33.08K,3.61%
6/13/2023,43.2,43.5,43.7,42,20.49K,0.47%
6/14/2023,43.3,43.4,43.5,42.7,47.77K,0.23%
6/15/2023,43.8,43.5,44,43,35.21K,1.15%
6/16/2023,43.6,43.6,43.9,42.9,21.86K,-0.46%
6/19/2023,43.4,43.2,43.7,42.1,13.84K,-0.46%
6/20/2023,43,42.1,43,42.1,2.31K,-0.92%
6/21/2023,43.7,43.6,43.7,43,16.39K,1.63%
6/22/2023,45.1,43.5,45.7,43.5,133.20K,3.20%
6/23/2023,46.6,44.9,47,44.9,162.35K,3.33%
6/26/2023,47.8,46.5,48.1,44.6,189.56K,2.58%
6/27/2023,47,47,47.7,46,29.04K,-1.67%
6/28/2023,47.5,47.1,47.8,47,98.37K,1.06%
7/4/2023,50.2,47.6,50.5,46.8,270.35K,5.68%
7/5/2023,49.6,50.1,51.4,49.5,202.38K,-1.20%
7/6/2023,51.8,50.9,51.8,49.1,461.93K,4.44%
7/7/2023,52,51.9,52.5,51.2,407.10K,0.39%
7/10/2023,52.1,52.2,52.7,51.5,141.41K,0.19%
7/11/2023,52,52.2,52.3,50.2,99.26K,-0.19%
7/12/2023,52,51.8,52,50.5,280.03K,0.00%
7/13/2023,51.4,52,52,50.4,117.95K,-1.15%
7/14/2023,50.5,50.5,51.4,49.7,150.46K,-1.75%
7/17/2023,49.9,50.5,50.5,49.9,115.51K,-1.19%
7/18/2023,50,49.5,50,49,154.90K,0.20%
7/19/2023,48.5,49.5,50.5,48.5,202.54K,-3.00%
7/20/2023,49.4,49.5,50.4,49,207.97K,1.86%
7/21/2023,49.6,49.5,51,49.4,26.80K,0.40%
7/24/2023,49.2,50,50.4,49.2,104.01K,-0.81%
7/25/2023,48.7,49.2,49.2,47.5,93.88K,-1.02%
7/26/2023,47.9,47.5,48.9,47,107.42K,-1.64%
7/27/2023,49.5,48,49.5,48,95.20K,3.34%
7/28/2023,49.1,49.5,49.8,49,46.27K,-0.81%
7/31/2023,49.1,49.1,49.9,49,42.42K,0.00%
8/2/2023,48.6,49.8,49.8,48.6,74.88K,-1.02%
8/3/2023,48,48.6,49.2,47.7,74.64K,-1.23%
8/4/2023,46.4,48,48,45,294.04K,-3.33%
8/7/2023,46.4,46.5,46.9,45.9,176.47K,0.00%
8/8/2023,46,46.1,46.1,45.6,72.11K,-0.86%
8/9/2023,46.1,45.8,46.9,45.3,121.28K,0.22%
8/10/2023,46.5,46.3,47.9,45.5,339.15K,0.87%
8/11/2023,45.9,46.5,46.5,45.9,17.46K,-1.29%
8/14/2023,45.8,46.5,46.5,45.3,32.33K,-0.22%
8/15/2023,45.4,46.4,46.4,45.4,44.49K,-0.87%
8/16/2023,45,46.5,46.5,45,88.34K,-0.88%
8/17/2023,45,45,45,44,56.28K,0.00%
8/18/2023,44.5,45,45.4,43,79.29K,-1.11%
8/21/2023,44,44.5,44.8,43.7,30.56K,-1.12%
8/22/2023,44.5,43.8,44.9,43.5,84.91K,1.14%
8/23/2023,45.7,44.9,45.7,44,159.08K,2.70%
8/24/2023,46,44.1,46.2,44.1,97.29K,0.66%
8/25/2023,46,45,46.9,45,63.85K,0.00%
8/28/2023,47.4,46.6,47.9,46,112.86K,3.04%
8/29/2023,45.5,47,47,45.5,82.25K,-4.01%
8/31/2023,46,45.5,46.5,45,65.70K,1.10%
9/1/2023,46.5,46,46.5,45.4,41.08K,1.09%
9/4/2023,47.6,46.5,47.6,46,107.11K,2.37%
9/5/2023,47.5,46.9,47.5,46.9,10.69K,-0.21%
9/6/2023,47,47.5,47.5,46.1,38.06K,-1.05%
9/7/2023,47.3,47.1,47.3,46.5,1.89K,0.64%
9/8/2023,47.9,47.1,48.8,46.5,88.93K,1.27%
9/11/2023,49.2,48.5,49.5,47.9,58.07K,2.71%
9/12/2023,48.2,49,49,47,29.12K,-2.03%
9/13/2023,47.9,48,48.3,47.9,17.11K,-0.62%
9/14/2023,48.5,48.2,48.9,47.5,67.70K,1.25%
9/15/2023,48.3,48.7,48.9,48,8.32K,-0.41%
9/18/2023,48.5,47.6,48.9,47.5,9.32K,0.41%
9/19/2023,48.2,48.5,48.5,47.5,16.79K,-0.62%
9/20/2023,48.4,48.4,48.5,48,13.95K,0.41%
9/21/2023,48,48.4,48.5,48,68.72K,-0.83%
9/22/2023,48.1,48,48.5,48,25.96K,0.21%
9/25/2023,47.5,48,48.4,47.5,39.70K,-1.25%
9/26/2023,46.9,48,48,45.1,49.09K,-1.26%
9/27/2023,46.7,48,48,46.5,21.93K,-0.43%
10/2/2023,47.1,47.1,48,46.1,17.90K,0.86%
10/3/2023,46,47.9,47.9,46,30.27K,-2.34%
10/4/2023,47.1,46.1,47.7,46,10.75K,2.39%
10/5/2023,47.1,47.8,47.8,46.6,1.22K,0.00%
10/6/2023,46.5,47.5,48,46.5,154.78K,-1.27%
10/9/2023,46,47,47,45.1,96.37K,-1.08%
10/10/2023,46.5,46.8,46.8,45.2,11.17K,1.09%
10/11/2023,45,45.2,46.7,45,134.12K,-3.23%
10/12/2023,44.9,44.8,45.6,44.8,16.79K,-0.22%
10/13/2023,44.9,45,45,44.9,8.01K,0.00%
10/16/2023,45,44.8,45,44.5,42.11K,0.22%
10/17/2023,44.8,44.9,45,44.6,5.70K,-0.44%
10/18/2023,44,44.5,45,44,11.27K,-1.79%
10/19/2023,44.1,44.5,44.5,43.7,10.28K,0.23%
10/20/2023,45,43.8,45,43.8,16.30K,2.04%
10/23/2023,44.5,44.6,44.9,44.4,23.27K,-1.11%
10/24/2023,41.9,44.5,44.5,41.9,78.64K,-5.84%
10/25/2023,42,43,43,42,25.37K,0.24%
10/26/2023,41.9,42.5,42.5,41.6,10.62K,-0.24%
10/27/2023,42.1,42,42.9,42,29.29K,0.48%
10/30/2023,43.3,42.1,43.9,42.1,11.82K,2.85%
10/31/2023,43.4,43.9,43.9,42.6,8.80K,0.23%
11/1/2023,43,42.9,43,42.4,11.54K,-0.92%
11/2/2023,43,43,43.9,42.6,23.85K,0.00%
11/3/2023,43,43.9,43.9,42.5,35.55K,0.00%
11/6/2023,44.2,44.5,44.9,44.1,46.30K,2.79%
11/7/2023,45.4,44.7,46,44.2,76.22K,2.71%
11/8/2023,45,45,45.5,45,5.52K,-0.88%
11/9/2023,45.5,44.9,45.7,44.7,4.93K,1.11%
11/10/2023,44.6,45.9,45.9,44.5,7.11K,-1.98%
11/13/2023,45,45.9,45.9,45,8.97K,0.90%
11/14/2023,44.8,44.9,45.5,44.8,21.99K,-0.44%
11/15/2023,46,44.8,46,44.8,8.84K,2.68%
11/16/2023,44.5,45.7,45.7,44.5,3.15K,-3.26%
11/17/2023,44,45,45,44,11.72K,-1.12%
11/20/2023,44,44.2,44.5,43.9,21.63K,0.00%
11/21/2023,43,44.3,44.3,42.9,45.58K,-2.27%
11/22/2023,43.5,43.2,43.6,43.2,12.63K,1.16%
11/23/2023,43,43.5,43.5,43,8.75K,-1.15%
11/24/2023,43.4,43.2,43.4,42.6,5.63K,0.93%
11/27/2023,42.9,43.1,43.1,42.6,14.88K,-1.15%
11/28/2023,43.1,42.7,43.1,42.7,14.27K,0.47%
11/29/2023,43,43.3,43.5,42.4,23.85K,-0.23%
11/30/2023,42.9,43,44.9,42.9,15.10K,-0.23%
12/1/2023,44.8,44.5,44.8,43,23.91K,4.43%
12/4/2023,44.2,44.8,45,44.1,11.47K,-1.34%
12/5/2023,43.7,44.2,44.2,43.6,9.52K,-1.13%
12/6/2023,44.2,43.7,44.5,43.7,6.29K,1.14%
12/7/2023,44.2,44.2,44.8,44.1,2.12K,0.00%
12/8/2023,44.7,44.2,44.9,44.2,2.94K,1.13%
12/11/2023,44.3,44.8,44.8,44.2,4.72K,-0.89%
12/12/2023,44,44.5,44.9,43.6,66.99K,-0.68%
12/13/2023,44,44.8,44.8,43.2,15.93K,0.00%
12/14/2023,44.2,44.5,44.5,44.2,0.97K,0.45%
12/15/2023,43.1,44.2,44.2,43.1,5.27K,-2.49%
12/18/2023,42.5,43.1,43.1,42.5,46.69K,-1.39%
12/19/2023,42,42.5,42.8,42,29.92K,-1.18%
12/20/2023,42.5,42.3,42.6,42.2,43.64K,1.19%
12/21/2023,41.9,42.5,43,41.7,32.80K,-1.41%
12/22/2023,42.4,42.5,43.8,42.4,15.30K,1.19%
12/27/2023,43.3,42.4,43.4,42.1,3.23K,2.12%
12/28/2023,42.7,42.7,42.8,42.7,2.98K,-1.39%
12/29/2023,43.1,43,43.2,42,33.87K,0.94%
1/2/2024,43.2,43,43.3,42.9,2.76K,0.23%
1/3/2024,43,43.2,43.2,43,2.77K,-0.46%
1/4/2024,44.5,43,46.9,42.9,9.72K,3.49%
1/5/2024,44.5,43.5,44.5,43.3,17.75K,0.00%
1/8/2024,44.3,44,44.5,43.2,27.00K,-0.45%
1/9/2024,44,44,44,43.6,2.75K,-0.68%
1/10/2024,44,43.6,44,43.5,11.26K,0.00%
1/11/2024,43.5,43.6,43.6,43.5,2.70K,-1.14%
1/12/2024,43.5,43.5,43.5,43.3,19.29K,0.00%
1/16/2024,43.3,43.6,44,43.3,0.78K,-0.46%
1/17/2024,42.9,43.3,44,42.9,10.34K,-0.92%
1/18/2024,42.6,43,43,42.6,1.36K,-0.70%
1/19/2024,43,43.5,43.5,43,4.93K,0.94%
1/22/2024,42.7,43,43.4,42.7,3.47K,-0.70%
1/23/2024,42.4,42.9,42.9,42.4,45.39K,-0.70%
1/24/2024,42.1,43,43.2,42,14.35K,-0.71%
1/26/2024,44,43,44.5,43,219.20K,4.51%
1/29/2024,44.9,44.4,45.3,44.4,41.43K,2.05%
1/30/2024,44.5,45,45,44.3,13.71K,-0.89%
1/31/2024,44.6,44.5,44.9,44.4,22.05K,0.22%
2/1/2024,44.8,44.9,44.9,44.2,9.57K,0.45%
2/2/2024,44.8,44.8,44.8,44.6,8.39K,0.00%
2/6/2024,45.7,44.8,45.9,44.8,60.66K,2.01%
2/7/2024,46.2,45.5,46.8,45.5,140.74K,1.09%
2/8/2024,46.3,46.3,46.8,46.3,10.90K,0.22%
2/9/2024,46,46.6,46.6,45.6,12.36K,-0.65%
2/12/2024,46,46.3,46.6,46,39.94K,0.00%
2/13/2024,46.7,46.3,46.8,46,57.28K,1.52%
2/14/2024,47,46.5,47.4,46,367.36K,0.64%
2/15/2024,47,47,47.4,45.1,146.40K,0.00%
2/16/2024,47.5,46.6,47.6,46.6,129.95K,1.06%
